,,,,AUPRC,AUPRC,AUPRC,AUROC,AUROC,AUROC,Brier,Brier,Brier,ECE,ECE,ECE,f1,f1,f1
Set,,,,F,O,OF,F,O,OF,F,O,OF,F,O,OF,F,O,OF
DAG,k,Model,Feature,,,,,,,,,,,,,,,
GES,1,LightGBM,m,0.036682194,,0.482076389,0.600632195,,0.913568203,0.216915236,,0.016893323,0.344350298,,0.013779222,0.053678711,,0.500808566
GES,1,LightGBM,m+mw,0.034129971,,0.486688106,0.589850287,,0.917612708,0.201072752,,0.016888017,0.301055103,,0.013668628,0.052202324,,0.495885524
GES,1,LightGBM,mw,0.037074878,,0.482643354,0.60446184,,0.916521856,0.216712232,,0.016807347,0.343714372,,0.013957694,0.057922217,,0.507115292
GES,1,LightGBM,original,,0.44554696,,,0.90790438,,,0.01805441,,,0.0147599,,,0.467137957,
GES,1,Logit,m,0.023774159,,0.129962376,0.51975405,,0.848999748,0.249978068,,0.171962254,0.477829261,,0.334481425,0.047808688,,0.11667622
GES,1,Logit,m+mw,0.024760291,,0.130750323,0.530446589,,0.849141958,0.249947408,,0.171995093,0.47779486,,0.334472146,0.049484078,,0.116571575
GES,1,Logit,mw,0.024760291,,0.129967958,0.530446589,,0.849015247,0.249969706,,0.172048224,0.477820601,,0.334603229,0.049559751,,0.116516825
GES,1,Logit,original,,0.130230741,,,0.849008461,,,0.171983503,,,0.334574154,,,0.116419833,
GES,1,RandomForest,m,0.029829633,,0.479368323,0.512516234,,0.920326993,0.031921533,,0.015464703,0.038006752,,0.005342275,0.026707138,,0.320686901
GES,1,RandomForest,m+mw,0.029853007,,0.47487784,0.511409955,,0.915434912,0.031656638,,0.015518552,0.03783027,,0.005527556,0.02523851,,0.329917266
GES,1,RandomForest,mw,0.028971841,,0.480734919,0.511342497,,0.92083836,0.031946828,,0.015478848,0.038088758,,0.005802119,0.02666875,,0.317553822
GES,1,RandomForest,original,,0.454215463,,,0.911225948,,,0.015871289,,,0.005424093,,,0.314247794,
GES,1,XGBoost,m,0.037446139,,0.519096623,0.59880757,,0.926307092,0.021747167,,0.014594006,0.001036308,,0.008883944,0,,0.467779525
GES,1,XGBoost,m+mw,0.036720096,,0.512500169,0.59890786,,0.928300477,0.021751234,,0.014628272,0.000996673,,0.009008444,0,,0.468705515
GES,1,XGBoost,mw,0.036520122,,0.523053119,0.600841575,,0.92767762,0.021752929,,0.014463784,0.001019176,,0.008926954,0,,0.480051344
GES,1,XGBoost,original,,0.492604687,,,0.922726393,,,0.014998535,,,0.008711563,,,0.444807284,
GES,2,LightGBM,m,0.077961209,,0.484356945,0.691474349,,0.915839155,0.062485234,,0.017062389,0.086088567,,0.014402257,0.112256697,,0.495900853
GES,2,LightGBM,m+mw,0.076139842,,0.485787287,0.693875929,,0.915266953,0.059648809,,0.017013499,0.081927368,,0.013787684,0.116266831,,0.497850815
GES,2,LightGBM,mw,0.075863313,,0.482997003,0.695799906,,0.91680182,0.062177559,,0.017018792,0.085210752,,0.014053791,0.112604097,,0.494432288
GES,2,LightGBM,original,,0.44554696,,,0.90790438,,,0.01805441,,,0.0147599,,,0.467137957,
GES,2,Logit,m,0.059229101,,0.128650113,0.703076006,,0.847243696,0.237461997,,0.171640823,0.456622522,,0.333923065,0.060592971,,0.1175658
GES,2,Logit,m+mw,0.05996803,,0.129016889,0.703256022,,0.846710864,0.237268628,,0.171609021,0.455952448,,0.333726356,0.060714936,,0.118396808
GES,2,Logit,mw,0.059780599,,0.128423923,0.703125242,,0.847393021,0.237479472,,0.171617087,0.456672478,,0.333923816,0.060586726,,0.117886649
GES,2,Logit,original,,0.130230741,,,0.849008461,,,0.171983503,,,0.334574154,,,0.116419833,
GES,2,RandomForest,m,0.051776425,,0.473086254,0.668106774,,0.917503584,0.02330333,,0.01560011,0.018469587,,0.005738521,0.004878049,,0.317873107
GES,2,RandomForest,m+mw,0.047629974,,0.474202927,0.657447189,,0.91867237,0.023765815,,0.015529613,0.020081375,,0.005625257,0.004761905,,0.318895184
GES,2,RandomForest,mw,0.05112696,,0.480346344,0.671563552,,0.914015565,0.023306275,,0.015551616,0.018658432,,0.005793336,0,,0.316600063
GES,2,RandomForest,original,,0.454215463,,,0.911225948,,,0.015871289,,,0.005424093,,,0.314247794,
GES,2,XGBoost,m,0.068278677,,0.525454929,0.711987343,,0.927099832,0.02154727,,0.014531377,0.004465408,,0.009129388,0,,0.468744478
GES,2,XGBoost,m+mw,0.088897965,,0.520240596,0.723437667,,0.927269234,0.021614052,,0.014492249,0.00776885,,0.008744402,0.004761905,,0.484302528
GES,2,XGBoost,mw,0.067584112,,0.52711646,0.713358889,,0.926712908,0.021541907,,0.014515192,0.004650434,,0.008658561,0,,0.475847918
GES,2,XGBoost,original,,0.492604687,,,0.922726393,,,0.014998535,,,0.008711563,,,0.444807284,
GES,3,LightGBM,m,0.081039545,,0.483559686,0.719809137,,0.916858581,0.047218102,,0.017026513,0.058901644,,0.013643655,0.130212544,,0.489862203
GES,3,LightGBM,m+mw,0.091182707,,0.487262216,0.726436034,,0.915896636,0.03909209,,0.016803447,0.042956027,,0.013245451,0.135270934,,0.50437061
GES,3,LightGBM,mw,0.078449337,,0.482809296,0.723763561,,0.914206757,0.047380963,,0.017068228,0.059713818,,0.014186221,0.145111765,,0.505425819
GES,3,LightGBM,original,,0.44554696,,,0.90790438,,,0.01805441,,,0.0147599,,,0.467137957,
GES,3,Logit,m,0.045430182,,0.127599613,0.712049787,,0.84672558,0.224064567,,0.17192933,0.427087649,,0.333866151,0.074787194,,0.117610474
GES,3,Logit,m+mw,0.045116348,,0.126135834,0.710605861,,0.846166533,0.224009659,,0.172040192,0.424530359,,0.333689781,0.074737904,,0.117847914
GES,3,Logit,mw,0.046522233,,0.127075435,0.716735255,,0.846920856,0.224319603,,0.171798486,0.431925069,,0.333849299,0.075159672,,0.11758542
GES,3,Logit,original,,0.130230741,,,0.849008461,,,0.171983503,,,0.334574154,,,0.116419833,
GES,3,RandomForest,m,0.080035291,,0.476416975,0.740312698,,0.919655691,0.021719797,,0.015489722,0.010798324,,0.005360341,0.004761905,,0.322007811
GES,3,RandomForest,m+mw,0.075674947,,0.470239238,0.728636002,,0.917059275,0.022082044,,0.015647362,0.012478433,,0.005709128,0.004651163,,0.313952832
GES,3,RandomForest,mw,0.080974538,,0.478174757,0.736846938,,0.918860957,0.021755036,,0.01548214,0.010515649,,0.005876842,0,,0.332080613
GES,3,RandomForest,original,,0.454215463,,,0.911225948,,,0.015871289,,,0.005424093,,,0.314247794,
GES,3,XGBoost,m,0.102883291,,0.524585305,0.771165165,,0.927571507,0.02128252,,0.014596615,0.006864432,,0.008856516,0.009413068,,0.46464758
GES,3,XGBoost,m+mw,0.107442976,,0.528826779,0.769903659,,0.92758215,0.02127231,,0.014493328,0.006991398,,0.009215432,0.018191214,,0.47934267
GES,3,XGBoost,mw,0.102166823,,0.525268441,0.770428995,,0.926033174,0.021299049,,0.014552721,0.007015237,,0.009162814,0.009307359,,0.474856118
GES,3,XGBoost,original,,0.492604687,,,0.922726393,,,0.014998535,,,0.008711563,,,0.444807284,
GES,4,LightGBM,m,0.10689489,,0.484342552,0.756110233,,0.918674351,0.034264443,,0.017117777,0.033768743,,0.014199117,0.158516208,,0.507962481
GES,4,LightGBM,m+mw,0.108134499,,0.480115429,0.760081722,,0.91600113,0.033590689,,0.017075944,0.032853773,,0.014296897,0.15721648,,0.495140418
GES,4,LightGBM,mw,0.109755202,,0.489474116,0.759880519,,0.918120487,0.034406793,,0.017042507,0.034532119,,0.014488196,0.165421771,,0.494945242
GES,4,LightGBM,original,,0.44554696,,,0.90790438,,,0.01805441,,,0.0147599,,,0.467137957,
GES,4,Logit,m,0.047733835,,0.129412894,0.724467705,,0.847830371,0.221547517,,0.17086184,0.422218376,,0.332654317,0.077235216,,0.118612503
GES,4,Logit,m+mw,0.047418746,,0.127933456,0.723248809,,0.847161111,0.221431487,,0.170664783,0.419549553,,0.331944636,0.077534893,,0.118707189
GES,4,Logit,mw,0.048415151,,0.128876904,0.726125726,,0.847238527,0.222465702,,0.171381121,0.428688634,,0.333315775,0.077987628,,0.118317641
GES,4,Logit,original,,0.130230741,,,0.849008461,,,0.171983503,,,0.334574154,,,0.116419833,
GES,4,RandomForest,m,0.108706469,,0.467965386,0.771026472,,0.918138099,0.021302572,,0.015607595,0.009543545,,0.005397523,0.014174972,,0.327910863
GES,4,RandomForest,m+mw,0.110505398,,0.461291527,0.762882,,0.917611861,0.021272557,,0.015767443,0.009601188,,0.005685986,0.009529212,,0.31314384
GES,4,RandomForest,mw,0.110266104,,0.47229065,0.768473567,,0.914498345,0.021338158,,0.015602409,0.010276091,,0.005171862,0.014174972,,0.321174723
GES,4,RandomForest,original,,0.454215463,,,0.911225948,,,0.015871289,,,0.005424093,,,0.314247794,
GES,4,XGBoost,m,0.137001118,,0.527682471,0.802625683,,0.925844101,0.020917502,,0.014510383,0.008189836,,0.008720538,0.017777778,,0.486266059
GES,4,XGBoost,m+mw,0.132941667,,0.523231972,0.80065961,,0.926303242,0.020968494,,0.014507845,0.008437293,,0.009008904,0.027735896,,0.446911034
GES,4,XGBoost,mw,0.135657229,,0.528870454,0.803138132,,0.927599766,0.02089702,,0.014501947,0.007791156,,0.008981929,0.017786561,,0.477619228
GES,4,XGBoost,original,,0.492604687,,,0.922726393,,,0.014998535,,,0.008711563,,,0.444807284,
GES,5,LightGBM,m,0.260565595,,0.485265482,0.86853527,,0.916234636,0.025266604,,0.017206566,0.021392427,,0.014298119,0.31187054,,0.485927771
GES,5,LightGBM,m+mw,0.265430516,,0.489835065,0.869954565,,0.91729611,0.025249613,,0.016859171,0.022063472,,0.014304736,0.320857607,,0.508287582
GES,5,LightGBM,mw,0.273389035,,0.485766889,0.869871674,,0.915889509,0.02511728,,0.017140921,0.020893841,,0.014414912,0.327794495,,0.485451356
GES,5,LightGBM,original,,0.44554696,,,0.90790438,,,0.01805441,,,0.0147599,,,0.467137957,
GES,5,Logit,m,0.047641365,,0.130887655,0.724538913,,0.848042709,0.221560015,,0.170710963,0.422217126,,0.332344139,0.077226251,,0.118316135
GES,5,Logit,m+mw,0.047343153,,0.128884818,0.723342537,,0.847492121,0.221442514,,0.170445054,0.419578527,,0.331773478,0.077515297,,0.118145985
GES,5,Logit,mw,0.048454061,,0.127843949,0.726131302,,0.847636159,0.222467193,,0.17136011,0.42868759,,0.333349091,0.077998401,,0.118048524
GES,5,Logit,original,,0.130230741,,,0.849008461,,,0.171983503,,,0.334574154,,,0.116419833,
GES,5,RandomForest,m,0.282396188,,0.477104527,0.873365748,,0.919480686,0.018572089,,0.015489811,0.007438253,,0.00478598,0.159629509,,0.341605755
GES,5,RandomForest,m+mw,0.277625762,,0.461982216,0.87505771,,0.919716383,0.018696851,,0.015642326,0.007741788,,0.005230577,0.17025621,,0.327913512
GES,5,RandomForest,mw,0.28063507,,0.475933859,0.876706561,,0.916142836,0.018603123,,0.015514594,0.006763087,,0.005023052,0.162641173,,0.331740511
GES,5,RandomForest,original,,0.454215463,,,0.911225948,,,0.015871289,,,0.005424093,,,0.314247794,
GES,5,XGBoost,m,0.289788854,,0.522904866,0.891782359,,0.926803253,0.018713872,,0.014643615,0.009132777,,0.009210391,0.19597474,,0.463855182
GES,5,XGBoost,m+mw,0.295664138,,0.521584483,0.891029286,,0.925955477,0.018621574,,0.014604307,0.009856833,,0.009432078,0.215320507,,0.473497714
GES,5,XGBoost,mw,0.289644318,,0.525807512,0.891937727,,0.926288939,0.018650233,,0.014573282,0.008919588,,0.009342008,0.215408895,,0.462684268
GES,5,XGBoost,original,,0.492604687,,,0.922726393,,,0.014998535,,,0.008711563,,,0.444807284,
GES,6,LightGBM,m,0.280572877,,0.489017635,0.880979958,,0.91880652,0.023696427,,0.017049942,0.020006516,,0.014319516,0.332000835,,0.506850856
GES,6,LightGBM,m+mw,0.278368531,,0.489993986,0.880203689,,0.917568589,0.023512917,,0.016969648,0.019204546,,0.014667066,0.312463327,,0.500481434
GES,6,LightGBM,mw,0.270802061,,0.494525913,0.878292654,,0.91644845,0.023822337,,0.016853574,0.019742473,,0.014018132,0.329094813,,0.500970395
GES,6,LightGBM,original,,0.44554696,,,0.90790438,,,0.01805441,,,0.0147599,,,0.467137957,
GES,6,Logit,m,0.04764134,,0.130949665,0.724414515,,0.848045072,0.221582048,,0.170650052,0.422300379,,0.332300498,0.077214425,,0.11946688
GES,6,Logit,m+mw,0.047395249,,0.129586912,0.723434788,,0.847692264,0.221416295,,0.170487929,0.419555418,,0.331799263,0.077524402,,0.118773462
GES,6,Logit,mw,0.048454556,,0.128151198,0.726132804,,0.847233882,0.222465604,,0.171352554,0.428686873,,0.33328094,0.077998401,,0.117978222
GES,6,Logit,original,,0.130230741,,,0.849008461,,,0.171983503,,,0.334574154,,,0.116419833,
GES,6,RandomForest,m,0.307199359,,0.473755314,0.886956748,,0.916678108,0.018143617,,0.015488116,0.00645403,,0.005284578,0.148542677,,0.331713894
GES,6,RandomForest,m+mw,0.304376059,,0.468324094,0.88239867,,0.915949389,0.018242796,,0.015573594,0.007118055,,0.005250091,0.155043024,,0.331613378
GES,6,RandomForest,mw,0.301264018,,0.474248923,0.890198423,,0.916801117,0.01817823,,0.015527106,0.006476642,,0.00526243,0.14789075,,0.328559824
GES,6,RandomForest,original,,0.454215463,,,0.911225948,,,0.015871289,,,0.005424093,,,0.314247794,
GES,6,XGBoost,m,0.310918869,,0.522176292,0.901503184,,0.928247475,0.018334851,,0.014500234,0.009342692,,0.008900183,0.216768431,,0.46297575
GES,6,XGBoost,m+mw,0.309884171,,0.517414612,0.901196535,,0.927938154,0.01843219,,0.014727166,0.009934785,,0.009442116,0.226321173,,0.463885285
GES,6,XGBoost,mw,0.309014977,,0.530653189,0.901612858,,0.92924596,0.018337074,,0.014411154,0.009622106,,0.009585361,0.21118004,,0.483861633
GES,6,XGBoost,original,,0.492604687,,,0.922726393,,,0.014998535,,,0.008711563,,,0.444807284,
GES,7,LightGBM,m,0.392415145,,0.488575012,0.89723692,,0.915999247,0.019802947,,0.016743119,0.015545135,,0.013979,0.419254377,,0.50888582
GES,7,LightGBM,m+mw,0.393483265,,0.487524252,0.898947662,,0.915308736,0.020150503,,0.01707619,0.016932849,,0.015083042,0.410072949,,0.503738425
GES,7,LightGBM,mw,0.389167136,,0.493934129,0.897671737,,0.915650304,0.019964404,,0.016893743,0.016398042,,0.014178636,0.411382022,,0.502107037
GES,7,LightGBM,original,,0.44554696,,,0.90790438,,,0.01805441,,,0.0147599,,,0.467137957,
GES,7,Logit,m,0.047709306,,0.130253342,0.724921766,,0.848335851,0.221495612,,0.1705933,0.4221417,,0.332283728,0.077252217,,0.118572729
GES,7,Logit,m+mw,0.047463018,,0.129795344,0.723725141,,0.848007252,0.221373249,,0.170343479,0.419556079,,0.331606623,0.077507392,,0.118526707
GES,7,Logit,mw,0.048458917,,0.127938237,0.726164375,,0.847498861,0.222464274,,0.171313385,0.428687271,,0.333282343,0.077998401,,0.118177187
GES,7,Logit,original,,0.130230741,,,0.849008461,,,0.171983503,,,0.334574154,,,0.116419833,
GES,7,RandomForest,m,0.413077568,,0.478886401,0.909557759,,0.919263211,0.016396253,,0.015377799,0.006002139,,0.004761289,0.266896048,,0.351417599
GES,7,RandomForest,m+mw,0.411745819,,0.472543611,0.90388289,,0.914949108,0.016423914,,0.015451721,0.006204252,,0.005173626,0.281250683,,0.348480308
GES,7,RandomForest,mw,0.413293255,,0.477957921,0.906383213,,0.914199454,0.01643158,,0.015416304,0.005459063,,0.004607069,0.261664636,,0.346171936
GES,7,RandomForest,original,,0.454215463,,,0.911225948,,,0.015871289,,,0.005424093,,,0.314247794,
GES,7,XGBoost,m,0.440809928,,0.521847797,0.919128105,,0.925129041,0.016051868,,0.01453921,0.008762554,,0.009720766,0.36077938,,0.484605597
GES,7,XGBoost,m+mw,0.446595615,,0.52902469,0.915277277,,0.926863016,0.016083653,,0.014458927,0.009647286,,0.00958483,0.392060555,,0.480858833
GES,7,XGBoost,mw,0.436765777,,0.5230043,0.918130739,,0.924049574,0.016109452,,0.014517299,0.009142017,,0.009447646,0.375419725,,0.469386639
GES,7,XGBoost,original,,0.492604687,,,0.922726393,,,0.014998535,,,0.008711563,,,0.444807284,
GES,8,LightGBM,m,0.39405318,,0.491200367,0.900355245,,0.915119212,0.019709548,,0.016986673,0.01601068,,0.014400067,0.428116939,,0.495392501
GES,8,LightGBM,m+mw,0.396845777,,0.489594837,0.893268146,,0.913323013,0.019843691,,0.016969958,0.016705651,,0.014024935,0.418927489,,0.489946908
GES,8,LightGBM,mw,0.400731918,,0.486686802,0.899796349,,0.914825922,0.019692096,,0.01684535,0.01574376,,0.014631378,0.425014074,,0.517733374
GES,8,LightGBM,original,,0.44554696,,,0.90790438,,,0.01805441,,,0.0147599,,,0.467137957,
GES,8,Logit,m,0.047744278,,0.1294123,0.724916667,,0.848246,0.221426992,,0.170607823,0.421983472,,0.332226697,0.076888279,,0.118336855
GES,8,Logit,m+mw,0.047535492,,0.129526318,0.723953254,,0.848065365,0.22131101,,0.170387506,0.41930205,,0.331696871,0.077507587,,0.118530777
GES,8,Logit,mw,0.048413364,,0.128829133,0.726014159,,0.847668308,0.222459408,,0.17126864,0.428651005,,0.333282324,0.077970115,,0.11841038
GES,8,Logit,original,,0.130230741,,,0.849008461,,,0.171983503,,,0.334574154,,,0.116419833,
GES,8,RandomForest,m,0.407992714,,0.473981246,0.903605846,,0.912671775,0.016507041,,0.015434342,0.005676302,,0.005091308,0.260135287,,0.350144627
GES,8,RandomForest,m+mw,0.407596116,,0.469686674,0.903542767,,0.914149307,0.016530936,,0.015488755,0.006692065,,0.005442976,0.26984568,,0.345975484
GES,8,RandomForest,mw,0.409370127,,0.478437372,0.904359467,,0.914495675,0.016536452,,0.015418239,0.006094846,,0.005448529,0.260877575,,0.350353351
GES,8,RandomForest,original,,0.454215463,,,0.911225948,,,0.015871289,,,0.005424093,,,0.314247794,
GES,8,XGBoost,m,0.43383405,,0.528537121,0.91614105,,0.927160037,0.016200584,,0.014388461,0.009131349,,0.008891422,0.366603843,,0.474434112
GES,8,XGBoost,m+mw,0.437471668,,0.523068336,0.916455782,,0.926353169,0.016119046,,0.014595056,0.009691874,,0.009614065,0.385634744,,0.478437622
GES,8,XGBoost,mw,0.435096915,,0.528449268,0.916951787,,0.928443452,0.016212225,,0.014423688,0.00929658,,0.009644086,0.367824938,,0.477804312
GES,8,XGBoost,original,,0.492604687,,,0.922726393,,,0.014998535,,,0.008711563,,,0.444807284,
GES,9,LightGBM,m,0.395507003,,0.498117546,0.902992467,,0.918237787,0.019565963,,0.016863301,0.015325625,,0.014342751,0.429019388,,0.501017965
GES,9,LightGBM,m+mw,0.40322496,,0.496114999,0.900593984,,0.915327915,0.01968193,,0.016761561,0.016479011,,0.014171514,0.431283521,,0.50696674
GES,9,LightGBM,mw,0.395606345,,0.492686851,0.901900119,,0.915556243,0.019689547,,0.01680994,0.016708182,,0.014251239,0.431267727,,0.507089755
GES,9,LightGBM,original,,0.44554696,,,0.90790438,,,0.01805441,,,0.0147599,,,0.467137957,
GES,9,Logit,m,0.047790776,,0.130468473,0.725064391,,0.848507996,0.221432988,,0.17050948,0.421995777,,0.332127329,0.076868038,,0.119143863
GES,9,Logit,m+mw,0.047516454,,0.128942905,0.723844095,,0.848052169,0.221305607,,0.170476809,0.419443375,,0.331878326,0.07734478,,0.118831103
GES,9,Logit,mw,0.048391274,,0.12826806,0.726024309,,0.847540233,0.22245559,,0.171325636,0.428642694,,0.333288741,0.077998374,,0.118652561
GES,9,Logit,original,,0.130230741,,,0.849008461,,,0.171983503,,,0.334574154,,,0.116419833,
GES,9,RandomForest,m,0.405644996,,0.47320198,0.904588695,,0.918253567,0.016561117,,0.015484591,0.007230682,,0.005329266,0.271211488,,0.33838421
GES,9,RandomForest,m+mw,0.408865415,,0.467793924,0.903304266,,0.919909107,0.016529131,,0.015532178,0.006564422,,0.005343518,0.277059501,,0.335494426
GES,9,RandomForest,mw,0.409593968,,0.475121525,0.90234435,,0.920690078,0.016514415,,0.015454497,0.006811218,,0.005329425,0.271632449,,0.345891768
GES,9,RandomForest,original,,0.454215463,,,0.911225948,,,0.015871289,,,0.005424093,,,0.314247794,
GES,9,XGBoost,m,0.440888678,,0.521573904,0.919024435,,0.925326138,0.016185919,,0.01457302,0.00919651,,0.009210366,0.371107347,,0.480172713
GES,9,XGBoost,m+mw,0.437762238,,0.528846055,0.917295298,,0.925425346,0.016228264,,0.014437442,0.00953246,,0.009588372,0.364763549,,0.478994213
GES,9,XGBoost,mw,0.442548906,,0.524949867,0.917834383,,0.925319512,0.016117617,,0.014563908,0.009293346,,0.009456711,0.379981429,,0.47551776
GES,9,XGBoost,original,,0.492604687,,,0.922726393,,,0.014998535,,,0.008711563,,,0.444807284,
GES,10,LightGBM,m,0.417014599,,0.495834988,0.899984328,,0.917461851,0.018994168,,0.016666025,0.014937271,,0.014159174,0.435983223,,0.51054787
GES,10,LightGBM,m+mw,0.417939722,,0.492470176,0.902029111,,0.914765262,0.019043707,,0.01674481,0.015471694,,0.014482114,0.430900269,,0.507740568
GES,10,LightGBM,mw,0.412816313,,0.494959344,0.897899338,,0.916619816,0.018988253,,0.016615528,0.015161286,,0.014241123,0.435562107,,0.5148809
GES,10,LightGBM,original,,0.44554696,,,0.90790438,,,0.01805441,,,0.0147599,,,0.467137957,
GES,10,Logit,m,0.047561187,,0.129928801,0.724844248,,0.848438074,0.221461036,,0.170519177,0.421989836,,0.332010129,0.076879315,,0.118756427
GES,10,Logit,m+mw,0.047403373,,0.129856655,0.723746816,,0.848368621,0.221339098,,0.17029758,0.419397896,,0.331532772,0.077365291,,0.118916767
GES,10,Logit,mw,0.04834086,,0.128744759,0.726008654,,0.848094997,0.222449077,,0.17124146,0.428647841,,0.333296408,0.077942438,,0.118279721
GES,10,Logit,original,,0.130230741,,,0.849008461,,,0.171983503,,,0.334574154,,,0.116419833,
GES,10,RandomForest,m,0.418986665,,0.472195215,0.904541091,,0.914766108,0.016352781,,0.015521028,0.005458514,,0.005275255,0.280925968,,0.331405212
GES,10,RandomForest,m+mw,0.420426962,,0.467801609,0.904119268,,0.914937173,0.016327964,,0.015577826,0.005520765,,0.004773817,0.287556768,,0.336780471
GES,10,RandomForest,mw,0.417001877,,0.46950889,0.901114375,,0.917722654,0.016382402,,0.015528923,0.006490981,,0.005362729,0.280192007,,0.336416902
GES,10,RandomForest,original,,0.454215463,,,0.911225948,,,0.015871289,,,0.005424093,,,0.314247794,
GES,10,XGBoost,m,0.459217334,,0.526589556,0.91988855,,0.924447293,0.015796823,,0.014505837,0.009674209,,0.009017613,0.380454761,,0.469018619
GES,10,XGBoost,m+mw,0.461079156,,0.527002193,0.918737036,,0.927129866,0.015730149,,0.014508999,0.009605966,,0.009468888,0.404473203,,0.469782907
GES,10,XGBoost,mw,0.452863478,,0.533661683,0.918067633,,0.925005423,0.015884273,,0.014433937,0.009320722,,0.009388607,0.372011664,,0.469693636
GES,10,XGBoost,original,,0.492604687,,,0.922726393,,,0.014998535,,,0.008711563,,,0.444807284,
GES,11,LightGBM,m,0.413699296,,0.491358252,0.902379127,,0.916720518,0.019156704,,0.01683541,0.01613342,,0.014845776,0.417328476,,0.508296285
GES,11,LightGBM,m+mw,0.410085356,,0.495174984,0.899986943,,0.91629869,0.019367464,,0.016805513,0.015627704,,0.014434927,0.437623279,,0.50499597
GES,11,LightGBM,mw,0.418503515,,0.498187461,0.903001939,,0.917860641,0.018924442,,0.016496379,0.01526633,,0.013990797,0.444239745,,0.520943603
GES,11,LightGBM,original,,0.44554696,,,0.90790438,,,0.01805441,,,0.0147599,,,0.467137957,
GES,11,Logit,m,0.064948434,,0.130820642,0.773949253,,0.849314266,0.205247855,,0.170127442,0.397766896,,0.331701702,0.092615339,,0.118884336
GES,11,Logit,m+mw,0.06542123,,0.12982828,0.77545462,,0.848992084,0.203864373,,0.169869963,0.39328567,,0.33102324,0.094137447,,0.118866628
GES,11,Logit,mw,0.057885098,,0.127861722,0.756145029,,0.847478656,0.215279843,,0.171279522,0.419432581,,0.333300705,0.08412125,,0.117897858
GES,11,Logit,original,,0.130230741,,,0.849008461,,,0.171983503,,,0.334574154,,,0.116419833,
GES,11,RandomForest,m,0.411922766,,0.46801487,0.908460396,,0.918040263,0.016463546,,0.015615001,0.005855907,,0.005256764,0.274465399,,0.33268069
GES,11,RandomForest,m+mw,0.415986937,,0.462455042,0.90661429,,0.911617338,0.016359333,,0.015653356,0.00595269,,0.00528975,0.296136618,,0.337624639
GES,11,RandomForest,mw,0.410063814,,0.466323823,0.906924737,,0.916693562,0.016490349,,0.015600885,0.006324383,,0.005298784,0.270754024,,0.325002651
GES,11,RandomForest,original,,0.454215463,,,0.911225948,,,0.015871289,,,0.005424093,,,0.314247794,
GES,11,XGBoost,m,0.448837656,,0.526432018,0.918422581,,0.92668043,0.015976979,,0.014528351,0.009530253,,0.009074835,0.371441781,,0.468095163
GES,11,XGBoost,m+mw,0.453316682,,0.524902416,0.918782589,,0.927760661,0.015928107,,0.014553196,0.009480313,,0.009101961,0.376479754,,0.472607516
GES,11,XGBoost,mw,0.452128828,,0.531935323,0.916111689,,0.925463422,0.015815507,,0.014404286,0.009290625,,0.009137387,0.370780514,,0.483607777
GES,11,XGBoost,original,,0.492604687,,,0.922726393,,,0.014998535,,,0.008711563,,,0.444807284,
GES,12,LightGBM,m,0.456016462,,0.4951268,0.90956325,,0.915809111,0.017892581,,0.016811018,0.014087558,,0.013669039,0.47007036,,0.510078274
GES,12,LightGBM,m+mw,0.457753374,,0.486814789,0.911089569,,0.914275001,0.017754095,,0.016857205,0.01456761,,0.014730617,0.467279248,,0.5110262
GES,12,LightGBM,mw,0.450166074,,0.495597775,0.909037223,,0.917518879,0.017934676,,0.016756306,0.014711122,,0.014756435,0.465122316,,0.512191647
GES,12,LightGBM,original,,0.44554696,,,0.90790438,,,0.01805441,,,0.0147599,,,0.467137957,
GES,12,Logit,m,0.064569092,,0.131320961,0.776276686,,0.84899463,0.20452875,,0.170131173,0.396282902,,0.331750082,0.09180711,,0.118811798
GES,12,Logit,m+mw,0.064920335,,0.131270062,0.777655235,,0.848866844,0.203163797,,0.169851961,0.391647193,,0.331032916,0.094589701,,0.119304547
GES,12,Logit,mw,0.057502954,,0.128361597,0.75692668,,0.847987646,0.215163044,,0.171236401,0.4192915,,0.333197058,0.084149417,,0.118364522
GES,12,Logit,original,,0.130230741,,,0.849008461,,,0.171983503,,,0.334574154,,,0.116419833,
GES,12,RandomForest,m,0.452254025,,0.474286863,0.918135393,,0.92071427,0.015961114,,0.015459084,0.005793015,,0.005794066,0.305557853,,0.3516561
GES,12,RandomForest,m+mw,0.438281904,,0.474707525,0.917112447,,0.912564363,0.016054558,,0.015483179,0.005541225,,0.005712066,0.307950019,,0.343602556
GES,12,RandomForest,mw,0.445296336,,0.482006846,0.916326821,,0.918409808,0.016027375,,0.015409592,0.005352534,,0.006177921,0.295593356,,0.338867256
GES,12,RandomForest,original,,0.454215463,,,0.911225948,,,0.015871289,,,0.005424093,,,0.314247794,
GES,12,XGBoost,m,0.492220335,,0.522255515,0.923256005,,0.927139351,0.015321121,,0.014618575,0.009621823,,0.009862423,0.413033645,,0.457893603
GES,12,XGBoost,m+mw,0.492029254,,0.529118314,0.923758464,,0.926745186,0.015233206,,0.014428448,0.009652618,,0.009606965,0.41330203,,0.489245888
GES,12,XGBoost,mw,0.498578278,,0.529029931,0.923326608,,0.926506695,0.015180993,,0.014471288,0.009643247,,0.008794004,0.392805094,,0.460815959
GES,12,XGBoost,original,,0.492604687,,,0.922726393,,,0.014998535,,,0.008711563,,,0.444807284,
GES,13,LightGBM,m,0.452918993,,0.489104729,0.908517274,,0.915044285,0.017687453,,0.016902506,0.014579014,,0.014374148,0.470440583,,0.502653975
GES,13,LightGBM,m+mw,0.454296116,,0.491117972,0.908708,,0.914144541,0.0177182,,0.01680903,0.014667642,,0.014526797,0.481893633,,0.508976177
GES,13,LightGBM,mw,0.45108133,,0.492416548,0.910597172,,0.916103112,0.017825337,,0.016929318,0.01445156,,0.014638076,0.466753264,,0.498235332
GES,13,LightGBM,original,,0.44554696,,,0.90790438,,,0.01805441,,,0.0147599,,,0.467137957,
GES,13,Logit,m,0.064316411,,0.131360032,0.775990837,,0.849135562,0.204526777,,0.170131188,0.39594386,,0.331773935,0.091995347,,0.119568783
GES,13,Logit,m+mw,0.065035426,,0.131083719,0.777656033,,0.848688336,0.203127068,,0.169834435,0.391473974,,0.330858332,0.0949414,,0.119294308
GES,13,Logit,mw,0.057431987,,0.128590249,0.756909586,,0.847815192,0.215185831,,0.171199849,0.419279052,,0.333216521,0.084331565,,0.118474136
GES,13,Logit,original,,0.130230741,,,0.849008461,,,0.171983503,,,0.334574154,,,0.116419833,
GES,13,RandomForest,m,0.437270375,,0.472982078,0.916245995,,0.918115553,0.016175096,,0.015507972,0.005713807,,0.005282258,0.285054741,,0.34672091
GES,13,RandomForest,m+mw,0.437692794,,0.471298946,0.91134055,,0.91420915,0.016073127,,0.015541352,0.00557912,,0.005630483,0.307782541,,0.350552631
GES,13,RandomForest,mw,0.44198465,,0.472919331,0.917498562,,0.915931845,0.01612383,,0.015525293,0.00512667,,0.005969941,0.274077806,,0.331048689
GES,13,RandomForest,original,,0.454215463,,,0.911225948,,,0.015871289,,,0.005424093,,,0.314247794,
GES,13,XGBoost,m,0.487063383,,0.522869571,0.924768466,,0.927295977,0.015195423,,0.01454698,0.009155124,,0.009316555,0.400996098,,0.473599391
GES,13,XGBoost,m+mw,0.491158251,,0.520763976,0.924117232,,0.925501533,0.015246625,,0.014579362,0.009553365,,0.009272579,0.400639142,,0.471770747
GES,13,XGBoost,mw,0.491190398,,0.523197326,0.923861003,,0.925649176,0.015172762,,0.01459815,0.009096024,,0.010147087,0.402766641,,0.468256041
GES,13,XGBoost,original,,0.492604687,,,0.922726393,,,0.014998535,,,0.008711563,,,0.444807284,
GES,14,LightGBM,m,0.444092928,,0.494305757,0.911175332,,0.914985959,0.017857173,,0.016817163,0.014794457,,0.0145354,0.471890401,,0.509236663
GES,14,LightGBM,m+mw,0.453514196,,0.49515051,0.908213706,,0.915432747,0.017773201,,0.016998827,0.014534261,,0.014899086,0.470725584,,0.495663192
GES,14,LightGBM,mw,0.450706252,,0.49134524,0.90884664,,0.917336828,0.01794353,,0.016893363,0.014884129,,0.014447233,0.464570012,,0.500362813
GES,14,LightGBM,original,,0.44554696,,,0.90790438,,,0.01805441,,,0.0147599,,,0.467137957,
GES,14,Logit,m,0.064123207,,0.13030681,0.779219814,,0.849171131,0.203682104,,0.170112448,0.393591541,,0.331171492,0.093872806,,0.118580538
GES,14,Logit,m+mw,0.064942144,,0.129583017,0.780650023,,0.849238785,0.202309967,,0.169720502,0.389096389,,0.330406517,0.095155021,,0.119012742
GES,14,Logit,mw,0.057951205,,0.127838303,0.758862322,,0.847789721,0.214753335,,0.171292901,0.418727876,,0.333176028,0.084558231,,0.118625835
GES,14,Logit,original,,0.130230741,,,0.849008461,,,0.171983503,,,0.334574154,,,0.116419833,
GES,14,RandomForest,m,0.443946331,,0.477297673,0.913756649,,0.917374564,0.016182283,,0.015507507,0.005226239,,0.006103827,0.278995103,,0.345494117
GES,14,RandomForest,m+mw,0.447125035,,0.475373957,0.917364603,,0.920121283,0.015989899,,0.015523373,0.005519411,,0.005373003,0.304465094,,0.343226032
GES,14,RandomForest,mw,0.442817877,,0.479316918,0.916932823,,0.919023462,0.01614784,,0.01548314,0.005187698,,0.005601679,0.288372752,,0.343472609
GES,14,RandomForest,original,,0.454215463,,,0.911225948,,,0.015871289,,,0.005424093,,,0.314247794,
GES,14,XGBoost,m,0.491296232,,0.531213771,0.924081532,,0.928039359,0.015127818,,0.014353888,0.009179729,,0.009857859,0.42928363,,0.485651856
GES,14,XGBoost,m+mw,0.491143661,,0.522552528,0.924907901,,0.926541378,0.015333337,,0.014567728,0.010090012,,0.009707126,0.417445238,,0.465843275
GES,14,XGBoost,mw,0.487643852,,0.52618343,0.922330707,,0.926470779,0.015193377,,0.014428959,0.009593015,,0.009425161,0.411979777,,0.481775705
GES,14,XGBoost,original,,0.492604687,,,0.922726393,,,0.014998535,,,0.008711563,,,0.444807284,
GES,15,LightGBM,m,0.468975582,,0.490213249,0.912858282,,0.918624899,0.017800678,,0.016761554,0.015115852,,0.014402234,0.45734687,,0.493183217
GES,15,LightGBM,m+mw,0.468359831,,0.498080927,0.912761238,,0.917487964,0.017747765,,0.016575731,0.014805179,,0.014306374,0.45828373,,0.515672864
GES,15,LightGBM,mw,0.47109987,,0.489039516,0.913830931,,0.918555597,0.01759353,,0.016846775,0.014847127,,0.014171746,0.475976385,,0.496299218
GES,15,LightGBM,original,,0.44554696,,,0.90790438,,,0.01805441,,,0.0147599,,,0.467137957,
GES,15,Logit,m,0.064154827,,0.130541246,0.779286925,,0.849391033,0.203643828,,0.170019157,0.393497696,,0.330957044,0.093965083,,0.118911447
GES,15,Logit,m+mw,0.064965677,,0.129809992,0.780706168,,0.849272816,0.202273249,,0.169670445,0.389085183,,0.33033574,0.095560858,,0.118702258
GES,15,Logit,mw,0.057953513,,0.127952663,0.758868078,,0.847757112,0.214753209,,0.171339573,0.418727606,,0.333241064,0.084558231,,0.1185822
GES,15,Logit,original,,0.130230741,,,0.849008461,,,0.171983503,,,0.334574154,,,0.116419833,
GES,15,RandomForest,m,0.443915457,,0.476107051,0.912103719,,0.917750678,0.016146061,,0.015542436,0.005193825,,0.005805501,0.272957627,,0.34458404
GES,15,RandomForest,m+mw,0.450581008,,0.477160355,0.915461713,,0.919033601,0.015962838,,0.015527016,0.005732301,,0.006069114,0.304599542,,0.332972909
GES,15,RandomForest,mw,0.446141561,,0.477603274,0.917799207,,0.920278593,0.016105091,,0.015512087,0.00498744,,0.005518293,0.272486244,,0.353017825
GES,15,RandomForest,original,,0.454215463,,,0.911225948,,,0.015871289,,,0.005424093,,,0.314247794,
GES,15,XGBoost,m,0.498467347,,0.529057075,0.924478993,,0.927018426,0.015214649,,0.014473469,0.009647203,,0.009512854,0.403144609,,0.471268279
GES,15,XGBoost,m+mw,0.50209549,,0.525415811,0.924733323,,0.926500735,0.015107177,,0.014517662,0.010423917,,0.009230406,0.416943445,,0.468300635
GES,15,XGBoost,mw,0.498767922,,0.523072744,0.924482843,,0.926622169,0.015177908,,0.014548394,0.00969715,,0.009387594,0.405556782,,0.455137955
GES,15,XGBoost,original,,0.492604687,,,0.922726393,,,0.014998535,,,0.008711563,,,0.444807284,
GES,16,LightGBM,m,0.478392416,,0.491358843,0.91344704,,0.916948504,0.017342323,,0.016683441,0.01428937,,0.014186051,0.479598367,,0.501392065
GES,16,LightGBM,m+mw,0.470501548,,0.492166014,0.910748093,,0.918141061,0.01756649,,0.016698099,0.014567086,,0.013897759,0.467834485,,0.50919205
GES,16,LightGBM,mw,0.47505866,,0.490290249,0.913132616,,0.918830356,0.017365139,,0.016721723,0.014125348,,0.014212269,0.475386929,,0.508804648
GES,16,LightGBM,original,,0.44554696,,,0.90790438,,,0.01805441,,,0.0147599,,,0.467137957,
GES,16,Logit,m,0.064144891,,0.130594094,0.779285016,,0.849477967,0.203650449,,0.169993988,0.393499305,,0.330982755,0.094226676,,0.119023344
GES,16,Logit,m+mw,0.064977011,,0.129896525,0.780709244,,0.849400052,0.202288676,,0.169674135,0.3891073,,0.330402489,0.095545247,,0.118833355
GES,16,Logit,mw,0.057953513,,0.127950544,0.758868078,,0.847749961,0.214753191,,0.171333233,0.41872757,,0.333237154,0.084558231,,0.11856153
GES,16,Logit,original,,0.130230741,,,0.849008461,,,0.171983503,,,0.334574154,,,0.116419833,
GES,16,RandomForest,m,0.448779838,,0.472294445,0.91588373,,0.918583961,0.016047838,,0.015568961,0.005538506,,0.005982553,0.302764888,,0.33671648
GES,16,RandomForest,m+mw,0.451537891,,0.469682339,0.917342305,,0.915551857,0.015989302,,0.01559551,0.005219036,,0.005412176,0.304414013,,0.342807783
GES,16,RandomForest,mw,0.444089947,,0.47047057,0.911039301,,0.919032364,0.016054095,,0.015547583,0.005317263,,0.006155271,0.291594322,,0.337323234
GES,16,RandomForest,original,,0.454215463,,,0.911225948,,,0.015871289,,,0.005424093,,,0.314247794,
GES,16,XGBoost,m,0.501110537,,0.520579602,0.924978104,,0.927439561,0.015192915,,0.014724799,0.009724513,,0.009358826,0.395682673,,0.458293382
GES,16,XGBoost,m+mw,0.502612452,,0.524730529,0.923020602,,0.927182331,0.015167733,,0.014637925,0.009688474,,0.009923068,0.412126307,,0.442300433
GES,16,XGBoost,mw,0.504436169,,0.518389893,0.924622365,,0.926813699,0.015133906,,0.014719595,0.009819302,,0.009958565,0.418699646,,0.451311584
GES,16,XGBoost,original,,0.492604687,,,0.922726393,,,0.014998535,,,0.008711563,,,0.444807284,
GES,17,LightGBM,m,0.46768629,,0.494944903,0.910280183,,0.917263914,0.017534356,,0.016585749,0.013965197,,0.013593999,0.477944741,,0.511510201
GES,17,LightGBM,m+mw,0.475257077,,0.491146289,0.90910803,,0.914277768,0.017260566,,0.016670117,0.014178016,,0.014177827,0.481965114,,0.503312011
GES,17,LightGBM,mw,0.467571008,,0.497522682,0.911179862,,0.919075997,0.017494684,,0.016636259,0.014930533,,0.014012801,0.474293343,,0.508914927
GES,17,LightGBM,original,,0.44554696,,,0.90790438,,,0.01805441,,,0.0147599,,,0.467137957,
GES,17,Logit,m,0.064673803,,0.13190266,0.779690268,,0.850007632,0.203468903,,0.169792165,0.393377539,,0.330831,0.093945308,,0.119006701
GES,17,Logit,m+mw,0.065340696,,0.13126959,0.780882653,,0.850108082,0.202164521,,0.169371106,0.388910427,,0.330026314,0.094829947,,0.11920256
GES,17,Logit,mw,0.057952145,,0.128095409,0.758855395,,0.84784573,0.214747709,,0.171285504,0.418722293,,0.333235366,0.084558231,,0.118182935
GES,17,Logit,original,,0.130230741,,,0.849008461,,,0.171983503,,,0.334574154,,,0.116419833,
GES,17,RandomForest,m,0.445488612,,0.469321666,0.913369739,,0.914467357,0.016061397,,0.015614224,0.005058054,,0.006060525,0.292770798,,0.318424666
GES,17,RandomForest,m+mw,0.443771879,,0.468572544,0.913114006,,0.919614998,0.016046292,,0.015631399,0.005517507,,0.005432475,0.293996399,,0.333928103
GES,17,RandomForest,mw,0.43907542,,0.474782,0.913977625,,0.913938092,0.016146225,,0.015566615,0.005204865,,0.00529512,0.285390578,,0.33724783
GES,17,RandomForest,original,,0.454215463,,,0.911225948,,,0.015871289,,,0.005424093,,,0.314247794,
GES,17,XGBoost,m,0.503773317,,0.524137656,0.925761003,,0.927030196,0.015108473,,0.014574312,0.0099406,,0.009821788,0.411971755,,0.462312301
GES,17,XGBoost,m+mw,0.499957077,,0.529268719,0.923347937,,0.927207101,0.015162755,,0.014559295,0.010214498,,0.009719685,0.421579964,,0.473482857
GES,17,XGBoost,mw,0.501606974,,0.526855467,0.923250706,,0.927241576,0.015146995,,0.014570698,0.009794351,,0.009499871,0.399564894,,0.471324592
GES,17,XGBoost,original,,0.492604687,,,0.922726393,,,0.014998535,,,0.008711563,,,0.444807284,
GES,18,LightGBM,m,0.467035017,,0.498409098,0.913182072,,0.919662128,0.017282453,,0.016530404,0.014638011,,0.013883163,0.471063925,,0.508003554
GES,18,LightGBM,m+mw,0.471451847,,0.506264304,0.912412278,,0.917244581,0.017361245,,0.016275887,0.014421367,,0.013063873,0.481382857,,0.510805194
GES,18,LightGBM,mw,0.466926172,,0.496326315,0.911504733,,0.919100276,0.017314314,,0.016495467,0.014018052,,0.013919668,0.483995177,,0.50364345
GES,18,LightGBM,original,,0.44554696,,,0.90790438,,,0.01805441,,,0.0147599,,,0.467137957,
GES,18,Logit,m,0.064437881,,0.132178552,0.779474414,,0.850156476,0.203529699,,0.169713047,0.393370557,,0.330783213,0.093895435,,0.119099451
GES,18,Logit,m+mw,0.065556695,,0.130982734,0.781028251,,0.850003846,0.20206145,,0.169356664,0.388793137,,0.329970712,0.095106792,,0.119163724
GES,18,Logit,mw,0.057953183,,0.128172863,0.758859757,,0.847650072,0.214747321,,0.171241654,0.418722012,,0.333120977,0.084558231,,0.118398544
GES,18,Logit,original,,0.130230741,,,0.849008461,,,0.171983503,,,0.334574154,,,0.116419833,
GES,18,RandomForest,m,0.442082948,,0.469006611,0.917247443,,0.917295129,0.016152854,,0.015640516,0.005132467,,0.006041385,0.27423468,,0.333883648
GES,18,RandomForest,m+mw,0.447493447,,0.471595164,0.915853098,,0.914058482,0.016016528,,0.01556368,0.005356869,,0.005405481,0.306452011,,0.338660383
GES,18,RandomForest,mw,0.443155021,,0.469574356,0.911309368,,0.917864637,0.016143329,,0.015633711,0.004921684,,0.005993504,0.267844288,,0.330642292
GES,18,RandomForest,original,,0.454215463,,,0.911225948,,,0.015871289,,,0.005424093,,,0.314247794,
GES,18,XGBoost,m,0.509367924,,0.531641538,0.925509595,,0.927148087,0.015035734,,0.014512464,0.009585335,,0.009532093,0.422631463,,0.448733822
GES,18,XGBoost,m+mw,0.502983729,,0.533017808,0.924130054,,0.928402959,0.015101217,,0.014441218,0.009809446,,0.009574393,0.413026334,,0.470935355
GES,18,XGBoost,mw,0.505259116,,0.530835002,0.924989551,,0.927023597,0.015046198,,0.014491707,0.009804664,,0.009402996,0.424612804,,0.45721294
GES,18,XGBoost,original,,0.492604687,,,0.922726393,,,0.014998535,,,0.008711563,,,0.444807284,
GES,19,LightGBM,m,0.471913665,,0.49772709,0.914931732,,0.91704954,0.017211717,,0.01647872,0.014452738,,0.014252089,0.470133884,,0.512013889
GES,19,LightGBM,m+mw,0.470984913,,0.496473327,0.91550323,,0.917197953,0.017306187,,0.016539126,0.014999324,,0.01418588,0.489010954,,0.510702974
GES,19,LightGBM,mw,0.467486993,,0.497035305,0.913995613,,0.9193763,0.017423081,,0.016510598,0.014465964,,0.013900877,0.475789432,,0.508104958
GES,19,LightGBM,original,,0.44554696,,,0.90790438,,,0.01805441,,,0.0147599,,,0.467137957,
GES,19,Logit,m,0.064758504,,0.132518089,0.779597762,,0.850345533,0.203215655,,0.169685571,0.392835859,,0.330684674,0.094615924,,0.118685801
GES,19,Logit,m+mw,0.065482007,,0.130905481,0.780945005,,0.850042096,0.201888153,,0.169339108,0.388340133,,0.329989928,0.09605419,,0.119210682
GES,19,Logit,mw,0.058035223,,0.12841582,0.75917044,,0.847960662,0.214628733,,0.171212772,0.418598351,,0.333120001,0.084510948,,0.118395694
GES,19,Logit,original,,0.130230741,,,0.849008461,,,0.171983503,,,0.334574154,,,0.116419833,
GES,19,RandomForest,m,0.438998429,,0.471732224,0.912857857,,0.917046158,0.016188815,,0.015621418,0.005043928,,0.006124337,0.284895064,,0.332584536
GES,19,RandomForest,m+mw,0.438847318,,0.466369775,0.914915816,,0.916177719,0.016096765,,0.015647666,0.006112283,,0.005960095,0.298220696,,0.33057195
GES,19,RandomForest,mw,0.440912716,,0.475394789,0.916572905,,0.919208765,0.016185288,,0.015584838,0.005250258,,0.006306408,0.278621491,,0.323448994
GES,19,RandomForest,original,,0.454215463,,,0.911225948,,,0.015871289,,,0.005424093,,,0.314247794,
GES,19,XGBoost,m,0.504364873,,0.52511239,0.923622021,,0.928872944,0.015071092,,0.014628321,0.010156442,,0.009488424,0.410323627,,0.459333082
GES,19,XGBoost,m+mw,0.504025893,,0.533661496,0.923548769,,0.928541643,0.015085261,,0.01444872,0.010523824,,0.009873196,0.428667493,,0.465779327
GES,19,XGBoost,mw,0.505099787,,0.528194341,0.923753592,,0.927340933,0.015027485,,0.014498989,0.00990731,,0.009584729,0.421632475,,0.452484265
GES,19,XGBoost,original,,0.492604687,,,0.922726393,,,0.014998535,,,0.008711563,,,0.444807284,
GES,20,LightGBM,m,0.481260952,,0.499777473,0.912617979,,0.916750419,0.017164064,,0.016351065,0.014154528,,0.013880076,0.486899702,,0.506769914
GES,20,LightGBM,m+mw,0.47844125,,0.506235304,0.910845956,,0.918146017,0.017309968,,0.016470793,0.014474476,,0.014192973,0.48573562,,0.517597443
GES,20,LightGBM,mw,0.483164897,,0.501716647,0.915417274,,0.918229319,0.017111881,,0.016399636,0.014285677,,0.01394448,0.488676474,,0.512581874
GES,20,LightGBM,original,,0.44554696,,,0.90790438,,,0.01805441,,,0.0147599,,,0.467137957,
GES,20,Logit,m,0.066517405,,0.133079758,0.78391921,,0.850725315,0.201914894,,0.169614937,0.391394887,,0.33054799,0.095732217,,0.119655867
GES,20,Logit,m+mw,0.067106317,,0.131973678,0.784774935,,0.850464009,0.200653993,,0.169199562,0.3868657,,0.329771574,0.096894308,,0.119164886
GES,20,Logit,mw,0.058081853,,0.128253078,0.759330157,,0.847744975,0.214597539,,0.171317902,0.418519107,,0.333261737,0.084693278,,0.1186646
GES,20,Logit,original,,0.130230741,,,0.849008461,,,0.171983503,,,0.334574154,,,0.116419833,
GES,20,RandomForest,m,0.450943881,,0.475252191,0.913026368,,0.916958734,0.016010316,,0.015565324,0.004759919,,0.005574914,0.282193131,,0.325444278
GES,20,RandomForest,m+mw,0.456588338,,0.475611663,0.919520119,,0.917672472,0.01587241,,0.015541918,0.004754808,,0.006691594,0.303132062,,0.325120092
GES,20,RandomForest,mw,0.446831228,,0.468407243,0.913515973,,0.915051352,0.01604876,,0.015653344,0.005124334,,0.005705389,0.280479859,,0.331667296
GES,20,RandomForest,original,,0.454215463,,,0.911225948,,,0.015871289,,,0.005424093,,,0.314247794,
GES,20,XGBoost,m,0.517026729,,0.537178531,0.925922939,,0.930011056,0.014896187,,0.014303181,0.009595865,,0.009007844,0.441998198,,0.489566755
GES,20,XGBoost,m+mw,0.512100851,,0.536374806,0.925404648,,0.928266502,0.014939338,,0.014346097,0.010321172,,0.009990529,0.453707577,,0.475880038
GES,20,XGBoost,mw,0.515349082,,0.538668133,0.924829363,,0.928216969,0.014868802,,0.014301056,0.009800806,,0.009434797,0.434338455,,0.481757286
GES,20,XGBoost,original,,0.492604687,,,0.922726393,,,0.014998535,,,0.008711563,,,0.444807284,
GES,21,LightGBM,m,0.492063609,,0.505439678,0.916226814,,0.918867137,0.01692551,,0.016360154,0.013933224,,0.013882868,0.496646483,,0.507683134
GES,21,LightGBM,m+mw,0.482199861,,0.508593722,0.913103579,,0.917549068,0.016994744,,0.016435111,0.014138171,,0.013528998,0.483589284,,0.508210104
GES,21,LightGBM,mw,0.483639981,,0.507385411,0.914431115,,0.918743436,0.017093504,,0.016495748,0.014020194,,0.013346049,0.490124653,,0.508873321
GES,21,LightGBM,original,,0.44554696,,,0.90790438,,,0.01805441,,,0.0147599,,,0.467137957,
GES,21,Logit,m,0.066487891,,0.133086125,0.783911585,,0.85092122,0.201919173,,0.169550603,0.391440396,,0.330500524,0.095390612,,0.119672945
GES,21,Logit,m+mw,0.067143888,,0.131993364,0.784855407,,0.850525146,0.200695852,,0.169160415,0.386998634,,0.32961573,0.096773762,,0.1190945
GES,21,Logit,mw,0.058086846,,0.128211307,0.759341779,,0.847750564,0.214603199,,0.171295981,0.418521548,,0.333176221,0.084667653,,0.118662351
GES,21,Logit,original,,0.130230741,,,0.849008461,,,0.171983503,,,0.334574154,,,0.116419833,
GES,21,RandomForest,m,0.454012946,,0.475988804,0.91579847,,0.913918886,0.015959932,,0.015553262,0.00540017,,0.006132744,0.280043787,,0.326498878
GES,21,RandomForest,m+mw,0.460813817,,0.476901619,0.91549592,,0.917055437,0.015844736,,0.015494626,0.004865768,,0.005436934,0.312968744,,0.340296563
GES,21,RandomForest,mw,0.451338694,,0.470244859,0.915785674,,0.915112278,0.015968697,,0.015572209,0.005061908,,0.006020174,0.26432903,,0.331617802
GES,21,RandomForest,original,,0.454215463,,,0.911225948,,,0.015871289,,,0.005424093,,,0.314247794,
GES,21,XGBoost,m,0.51562245,,0.537239677,0.92700587,,0.928896546,0.014812628,,0.014340735,0.009150398,,0.009018527,0.432057483,,0.467751958
GES,21,XGBoost,m+mw,0.516739484,,0.540112905,0.927051493,,0.929303471,0.01484701,,0.014327231,0.009524859,,0.009649542,0.449093173,,0.472353106
GES,21,XGBoost,mw,0.519676098,,0.53999952,0.92652516,,0.928879991,0.014810592,,0.014302829,0.009188343,,0.009546406,0.435386178,,0.477526278
GES,21,XGBoost,original,,0.492604687,,,0.922726393,,,0.014998535,,,0.008711563,,,0.444807284,
GES,22,LightGBM,m,0.48822926,,0.496712508,0.914869713,,0.918544122,0.017207954,,0.016615386,0.014610192,,0.014040005,0.474898433,,0.505279771
GES,22,LightGBM,m+mw,0.478961471,,0.505729458,0.912409662,,0.914873452,0.017383838,,0.016316641,0.014872003,,0.014019535,0.471314959,,0.517073515
GES,22,LightGBM,mw,0.482317015,,0.505154185,0.913324228,,0.919279698,0.017460072,,0.016589606,0.014535497,,0.013710813,0.473106605,,0.505576437
GES,22,LightGBM,original,,0.44554696,,,0.90790438,,,0.01805441,,,0.0147599,,,0.467137957,
GES,22,Logit,m,0.06738277,,0.133394638,0.787402087,,0.851001098,0.201155978,,0.169472468,0.389821414,,0.330454443,0.095139571,,0.118605047
GES,22,Logit,m+mw,0.067800857,,0.131714561,0.787712253,,0.850462034,0.199941006,,0.169177064,0.38558359,,0.32979381,0.097425431,,0.118922818
GES,22,Logit,mw,0.058133305,,0.128716208,0.759586812,,0.848079002,0.214527164,,0.171179765,0.418452717,,0.333150034,0.084270405,,0.118181086
GES,22,Logit,original,,0.130230741,,,0.849008461,,,0.171983503,,,0.334574154,,,0.116419833,
GES,22,RandomForest,m,0.458787165,,0.476559611,0.918629566,,0.915823079,0.015906704,,0.015485518,0.005039962,,0.005412314,0.290493368,,0.324090749
GES,22,RandomForest,m+mw,0.457632327,,0.478705978,0.917611533,,0.91658214,0.015786143,,0.015429673,0.005411715,,0.005375088,0.322663885,,0.342613331
GES,22,RandomForest,mw,0.449546987,,0.478429909,0.912553496,,0.918509989,0.015939846,,0.015480969,0.005424338,,0.006036557,0.279831651,,0.314634634
GES,22,RandomForest,original,,0.454215463,,,0.911225948,,,0.015871289,,,0.005424093,,,0.314247794,
GES,22,XGBoost,m,0.522724841,,0.538238665,0.926900089,,0.930326199,0.014650279,,0.014396603,0.010158076,,0.009502148,0.459138778,,0.485738638
GES,22,XGBoost,m+mw,0.520945909,,0.540487086,0.926802328,,0.928026666,0.014803925,,0.014301485,0.009804228,,0.009788691,0.467079349,,0.486306367
GES,22,XGBoost,mw,0.518862279,,0.539536984,0.924970624,,0.930805019,0.014726804,,0.014383705,0.010071433,,0.009969511,0.449079556,,0.462966487
GES,22,XGBoost,original,,0.492604687,,,0.922726393,,,0.014998535,,,0.008711563,,,0.444807284,
GES,23,LightGBM,m,0.488552079,,0.50636488,0.913735416,,0.91834201,0.017054244,,0.016307732,0.014398017,,0.013569594,0.47425133,,0.512335089
GES,23,LightGBM,m+mw,0.484879957,,0.513964414,0.913516302,,0.917755764,0.017318793,,0.016236207,0.014644183,,0.013438644,0.48220699,,0.511637739
GES,23,LightGBM,mw,0.489994777,,0.505652444,0.912704965,,0.91861384,0.01714287,,0.016306874,0.01431197,,0.01377255,0.47405325,,0.507587898
GES,23,LightGBM,original,,0.44554696,,,0.90790438,,,0.01805441,,,0.0147599,,,0.467137957,
GES,23,Logit,m,0.068981151,,0.136252004,0.787550594,,0.852505828,0.200934447,,0.168848028,0.389142506,,0.329726267,0.095237408,,0.11991036
GES,23,Logit,m+mw,0.0691178,,0.135365717,0.787980911,,0.852498275,0.199767663,,0.168586648,0.384900787,,0.329101952,0.096965887,,0.11956711
GES,23,Logit,mw,0.058174632,,0.128117718,0.759629413,,0.847890819,0.214467204,,0.171298884,0.418331127,,0.333271366,0.084690022,,0.118174639
GES,23,Logit,original,,0.130230741,,,0.849008461,,,0.171983503,,,0.334574154,,,0.116419833,
GES,23,RandomForest,m,0.458682639,,0.482846446,0.918212358,,0.920804781,0.015886666,,0.015390726,0.005790392,,0.005268644,0.294101759,,0.33873841
GES,23,RandomForest,m+mw,0.462001592,,0.481616716,0.918743313,,0.918489067,0.015747784,,0.015424844,0.004906138,,0.005511057,0.324219701,,0.328651939
GES,23,RandomForest,mw,0.458965592,,0.484268906,0.915598998,,0.920237254,0.015874441,,0.015379836,0.005387701,,0.005793633,0.301080667,,0.345802692
GES,23,RandomForest,original,,0.454215463,,,0.911225948,,,0.015871289,,,0.005424093,,,0.314247794,
GES,23,XGBoost,m,0.515070048,,0.534364591,0.927052894,,0.929141992,0.014808437,,0.01436789,0.010225263,,0.009579462,0.430152612,,0.490284271
GES,23,XGBoost,m+mw,0.519916896,,0.539144941,0.92702907,,0.930008765,0.014746738,,0.0143287,0.009966353,,0.009766491,0.444145532,,0.493299746
GES,23,XGBoost,mw,0.519300173,,0.540476865,0.927977154,,0.928801813,0.014793448,,0.014269232,0.009615875,,0.009366963,0.438338419,,0.494537488
GES,23,XGBoost,original,,0.492604687,,,0.922726393,,,0.014998535,,,0.008711563,,,0.444807284,
GES,24,LightGBM,m,0.486183732,,0.510584378,0.914104919,,0.917307558,0.017099426,,0.016477838,0.014301309,,0.013593689,0.478962847,,0.506765913
GES,24,LightGBM,m+mw,0.480288275,,0.508917678,0.914050473,,0.916738811,0.017548172,,0.016424691,0.015522502,,0.0139826,0.469332553,,0.508696318
GES,24,LightGBM,mw,0.4834774,,0.509089681,0.912262526,,0.920531322,0.017179917,,0.016454961,0.013732084,,0.013682466,0.468990713,,0.5045468
GES,24,LightGBM,original,,0.44554696,,,0.90790438,,,0.01805441,,,0.0147599,,,0.467137957,
GES,24,Logit,m,0.06888894,,0.136548569,0.787623871,,0.852993924,0.2008882,,0.16870861,0.388966663,,0.329487526,0.095305857,,0.120585013
GES,24,Logit,m+mw,0.069073707,,0.135595512,0.787745305,,0.852967135,0.19976292,,0.168333686,0.384889085,,0.328781497,0.096869589,,0.120973241
GES,24,Logit,mw,0.058203717,,0.128176597,0.759702413,,0.848036294,0.214509893,,0.171225126,0.418398106,,0.333150464,0.08466386,,0.118778833
GES,24,Logit,original,,0.130230741,,,0.849008461,,,0.171983503,,,0.334574154,,,0.116419833,
GES,24,RandomForest,m,0.456088939,,0.476236785,0.917340308,,0.918616883,0.015948577,,0.015492228,0.005184977,,0.005742093,0.278558621,,0.346291148
GES,24,RandomForest,m+mw,0.458934113,,0.483556613,0.919102596,,0.923343437,0.015809519,,0.01542242,0.004846062,,0.005139819,0.31807577,,0.345472555
GES,24,RandomForest,mw,0.454379944,,0.476511784,0.918810094,,0.921090964,0.01597191,,0.015486492,0.005217611,,0.005432205,0.28335198,,0.328810532
GES,24,RandomForest,original,,0.454215463,,,0.911225948,,,0.015871289,,,0.005424093,,,0.314247794,
GES,24,XGBoost,m,0.513178396,,0.543540442,0.926844313,,0.927557681,0.014849578,,0.014271463,0.010068324,,0.009762765,0.442554265,,0.498260413
GES,24,XGBoost,m+mw,0.517895956,,0.540487162,0.924713523,,0.928088427,0.014756746,,0.014353733,0.009800571,,0.010023912,0.441003281,,0.475075345
GES,24,XGBoost,mw,0.517293162,,0.538878393,0.925509968,,0.926808055,0.014812642,,0.014320147,0.009817903,,0.009382647,0.453856254,,0.487546072
GES,24,XGBoost,original,,0.492604687,,,0.922726393,,,0.014998535,,,0.008711563,,,0.444807284,
GES,25,LightGBM,m,0.500138473,,0.510016829,0.918642461,,0.916451339,0.016732383,,0.016265561,0.013853938,,0.013512411,0.490588119,,0.513028156
GES,25,LightGBM,m+mw,0.496924235,,0.512930206,0.918490949,,0.915825487,0.016835228,,0.016432764,0.013756504,,0.014062395,0.488190199,,0.508613414
GES,25,LightGBM,mw,0.499021801,,0.508869615,0.919513013,,0.921393222,0.016881234,,0.016413773,0.013856027,,0.013324392,0.487966271,,0.507544794
GES,25,LightGBM,original,,0.44554696,,,0.90790438,,,0.01805441,,,0.0147599,,,0.467137957,
GES,25,Logit,m,0.070464923,,0.137135137,0.788153985,,0.853036021,0.200346762,,0.16860666,0.388425741,,0.329409508,0.095492516,,0.120776932
GES,25,Logit,m+mw,0.07046165,,0.135573763,0.788030201,,0.852434849,0.199261033,,0.168433773,0.384556479,,0.328787543,0.096911862,,0.120060971
GES,25,Logit,mw,0.058208154,,0.128126566,0.759724781,,0.847887709,0.214475297,,0.171201449,0.418390946,,0.333161034,0.084481579,,0.118784043
GES,25,Logit,original,,0.130230741,,,0.849008461,,,0.171983503,,,0.334574154,,,0.116419833,
GES,25,RandomForest,m,0.47070207,,0.483201983,0.915609193,,0.918835714,0.015653552,,0.015323491,0.005231194,,0.006036489,0.325445529,,0.345499791
GES,25,RandomForest,m+mw,0.47555987,,0.484212561,0.920487033,,0.918969676,0.015523488,,0.015351038,0.00524921,,0.005658299,0.341522874,,0.350170489
GES,25,RandomForest,mw,0.474150916,,0.485278676,0.918503118,,0.922730019,0.015596166,,0.015352076,0.004996306,,0.005008617,0.337174747,,0.351745787
GES,25,RandomForest,original,,0.454215463,,,0.911225948,,,0.015871289,,,0.005424093,,,0.314247794,
GES,25,XGBoost,m,0.52486113,,0.53664522,0.927977603,,0.929527582,0.014712576,,0.014402377,0.010101603,,0.010048364,0.438634085,,0.477939601
GES,25,XGBoost,m+mw,0.527081534,,0.534891727,0.926654569,,0.92760637,0.014535394,,0.014435948,0.009563009,,0.009894577,0.467134893,,0.468319269
GES,25,XGBoost,mw,0.528787658,,0.534643404,0.927909704,,0.929199176,0.014612505,,0.014392905,0.009875788,,0.009523713,0.448027179,,0.488070731
GES,25,XGBoost,original,,0.492604687,,,0.922726393,,,0.014998535,,,0.008711563,,,0.444807284,
GES,26,LightGBM,m,0.494446497,,0.504272235,0.919221155,,0.919349486,0.017037055,,0.016432788,0.013744614,,0.013720893,0.481154755,,0.514800407
GES,26,LightGBM,m+mw,0.495449037,,0.513433986,0.919799644,,0.920521877,0.016896917,,0.01654322,0.014392916,,0.014003612,0.475512617,,0.505868037
GES,26,LightGBM,mw,0.497335493,,0.506659998,0.918751015,,0.921059845,0.016845593,,0.016392692,0.013380659,,0.013687622,0.489840247,,0.519214607
GES,26,LightGBM,original,,0.44554696,,,0.90790438,,,0.01805441,,,0.0147599,,,0.467137957,
GES,26,Logit,m,0.070470781,,0.137064074,0.788162566,,0.852960963,0.200328545,,0.168661934,0.388398768,,0.329417509,0.095551345,,0.120609722
GES,26,Logit,m+mw,0.070458425,,0.135519402,0.788083207,,0.852456107,0.199237581,,0.168407633,0.384493363,,0.328736296,0.097188657,,0.120061486
GES,26,Logit,mw,0.058208154,,0.128157402,0.759724781,,0.847903799,0.214475108,,0.171180354,0.418390713,,0.333157053,0.084481579,,0.118764585
GES,26,Logit,original,,0.130230741,,,0.849008461,,,0.171983503,,,0.334574154,,,0.116419833,
GES,26,RandomForest,m,0.469718425,,0.484387461,0.917814781,,0.917098582,0.015607285,,0.015367276,0.005086931,,0.005423288,0.340492907,,0.343505692
GES,26,RandomForest,m+mw,0.473957266,,0.483086817,0.917735089,,0.919855959,0.015539847,,0.015348667,0.005391851,,0.005599454,0.353521845,,0.358318081
GES,26,RandomForest,mw,0.473703696,,0.484455081,0.918860165,,0.918692922,0.015613718,,0.015368443,0.00552715,,0.005366697,0.327715838,,0.346521475
GES,26,RandomForest,original,,0.454215463,,,0.911225948,,,0.015871289,,,0.005424093,,,0.314247794,
GES,26,XGBoost,m,0.524786742,,0.524910325,0.926260849,,0.928339711,0.014616621,,0.014536078,0.00962485,,0.009895288,0.460971683,,0.472938759
GES,26,XGBoost,m+mw,0.524134557,,0.534269462,0.926774048,,0.926270585,0.014615781,,0.014469257,0.009373862,,0.009729111,0.4526638,,0.459884164
GES,26,XGBoost,mw,0.530117581,,0.532231024,0.925883785,,0.926806012,0.014598076,,0.014465137,0.00927212,,0.010523737,0.455760161,,0.479072792
GES,26,XGBoost,original,,0.492604687,,,0.922726393,,,0.014998535,,,0.008711563,,,0.444807284,
GES,27,LightGBM,m,0.497569873,,0.506877849,0.91581636,,0.920230677,0.016828925,,0.016419842,0.014206888,,0.013906148,0.494091625,,0.517888793
GES,27,LightGBM,m+mw,0.493266051,,0.507572976,0.915596282,,0.920395715,0.016927795,,0.016507422,0.013741742,,0.01406565,0.473151398,,0.511385372
GES,27,LightGBM,mw,0.496504235,,0.512175597,0.917679895,,0.920451454,0.016871333,,0.016282641,0.013652262,,0.01386317,0.488432761,,0.518441109
GES,27,LightGBM,original,,0.44554696,,,0.90790438,,,0.01805441,,,0.0147599,,,0.467137957,
GES,27,Logit,m,0.070285287,,0.136477297,0.78824626,,0.852953603,0.200341237,,0.16865669,0.388443245,,0.32946334,0.095556582,,0.120408926
GES,27,Logit,m+mw,0.070664858,,0.13611639,0.788296685,,0.852669412,0.199249687,,0.168350147,0.384417691,,0.328740387,0.097124364,,0.120186033
GES,27,Logit,mw,0.058279985,,0.128331999,0.759772294,,0.84768509,0.214456018,,0.171243973,0.418364146,,0.333111238,0.084797956,,0.118437226
GES,27,Logit,original,,0.130230741,,,0.849008461,,,0.171983503,,,0.334574154,,,0.116419833,
GES,27,RandomForest,m,0.472301142,,0.482470907,0.917933676,,0.92426909,0.015617019,,0.015385787,0.00540415,,0.005455724,0.33396206,,0.345442643
GES,27,RandomForest,m+mw,0.477563875,,0.4874708,0.916541088,,0.916530521,0.015483908,,0.015305055,0.004857229,,0.005212697,0.345228244,,0.351552148
GES,27,RandomForest,mw,0.468367102,,0.481404903,0.920227365,,0.921213805,0.015636254,,0.015434632,0.005472484,,0.004404577,0.319378811,,0.340777648
GES,27,RandomForest,original,,0.454215463,,,0.911225948,,,0.015871289,,,0.005424093,,,0.314247794,
GES,27,XGBoost,m,0.528476484,,0.534210215,0.927199115,,0.929501914,0.014605395,,0.014379371,0.010064838,,0.009523197,0.444562136,,0.497325849
GES,27,XGBoost,m+mw,0.529392327,,0.534357091,0.92858341,,0.927458266,0.014602392,,0.014473885,0.009693626,,0.009989377,0.463340846,,0.465628954
GES,27,XGBoost,mw,0.528933957,,0.531838199,0.926569829,,0.928938116,0.014680313,,0.014367064,0.009951335,,0.009830891,0.426667229,,0.481526257
GES,27,XGBoost,original,,0.492604687,,,0.922726393,,,0.014998535,,,0.008711563,,,0.444807284,
GES,28,LightGBM,m,0.493432601,,0.507736424,0.919735524,,0.916497882,0.016875713,,0.016528923,0.013910636,,0.014392758,0.487436822,,0.513143051
GES,28,LightGBM,m+mw,0.485141151,,0.507773899,0.918744442,,0.918858586,0.016970168,,0.016543237,0.013839594,,0.014250479,0.478910279,,0.512284001
GES,28,LightGBM,mw,0.49312955,,0.509417828,0.917558701,,0.919393836,0.016801045,,0.016446464,0.013947152,,0.014137198,0.484110329,,0.508616855
GES,28,LightGBM,original,,0.44554696,,,0.90790438,,,0.01805441,,,0.0147599,,,0.467137957,
GES,28,Logit,m,0.070654913,,0.137159565,0.788175982,,0.852952426,0.200331098,,0.168657116,0.38830508,,0.329443142,0.0954244,,0.120928741
GES,28,Logit,m+mw,0.070673036,,0.136754276,0.787978333,,0.853073498,0.199297402,,0.168245035,0.384257579,,0.328514082,0.097142466,,0.120709912
GES,28,Logit,mw,0.058235085,,0.128512888,0.759707681,,0.848026955,0.214464998,,0.171181085,0.418345623,,0.333183322,0.085004834,,0.118384452
GES,28,Logit,original,,0.130230741,,,0.849008461,,,0.171983503,,,0.334574154,,,0.116419833,
GES,28,RandomForest,m,0.469103705,,0.481323995,0.916084134,,0.913725321,0.015636742,,0.015397702,0.005522077,,0.005905867,0.327295989,,0.360118758
GES,28,RandomForest,m+mw,0.473198764,,0.48069322,0.919819785,,0.921997216,0.015555198,,0.015369947,0.005173286,,0.005311694,0.340282876,,0.356719233
GES,28,RandomForest,mw,0.469075489,,0.481189078,0.915658496,,0.916839099,0.015634849,,0.015382122,0.005439463,,0.005380934,0.332833426,,0.359095463
GES,28,RandomForest,original,,0.454215463,,,0.911225948,,,0.015871289,,,0.005424093,,,0.314247794,
GES,28,XGBoost,m,0.528369393,,0.537176572,0.926354679,,0.928123087,0.014562912,,0.014415196,0.009553976,,0.009640383,0.460567376,,0.469220799
GES,28,XGBoost,m+mw,0.523193055,,0.540906676,0.92559037,,0.928153847,0.014677956,,0.014363218,0.009305528,,0.009679117,0.461080425,,0.477878676
GES,28,XGBoost,mw,0.526717597,,0.533178841,0.925962993,,0.928955798,0.014657077,,0.014457808,0.009558219,,0.009778134,0.448859009,,0.480991835
GES,28,XGBoost,original,,0.492604687,,,0.922726393,,,0.014998535,,,0.008711563,,,0.444807284,
GES,29,LightGBM,m,0.489344803,,0.505385135,0.916430452,,0.915409588,0.016836987,,0.016525907,0.013810869,,0.01459022,0.487239656,,0.517376301
GES,29,LightGBM,m+mw,0.488161783,,0.502453519,0.916978987,,0.918783488,0.016975013,,0.01650926,0.014507496,,0.013722287,0.490590189,,0.50034441
GES,29,LightGBM,mw,0.494512769,,0.509001655,0.916219926,,0.918359405,0.016626981,,0.016548111,0.013487909,,0.013936637,0.483802907,,0.512203192
GES,29,LightGBM,original,,0.44554696,,,0.90790438,,,0.01805441,,,0.0147599,,,0.467137957,
GES,29,Logit,m,0.070397521,,0.137660019,0.788082432,,0.853065975,0.200388408,,0.168620528,0.388373606,,0.329195505,0.095543735,,0.120531727
GES,29,Logit,m+mw,0.070481616,,0.13665369,0.788129943,,0.852685179,0.199211446,,0.168332859,0.384186495,,0.328536567,0.097124223,,0.120659667
GES,29,Logit,mw,0.058264984,,0.128509695,0.75983104,,0.84811033,0.214460429,,0.171158171,0.418372378,,0.333139025,0.085296321,,0.118516334
GES,29,Logit,original,,0.130230741,,,0.849008461,,,0.171983503,,,0.334574154,,,0.116419833,
GES,29,RandomForest,m,0.467112839,,0.479242414,0.921688379,,0.915667936,0.01566989,,0.015439778,0.00518349,,0.006095582,0.33660863,,0.343333848
GES,29,RandomForest,m+mw,0.467806949,,0.485387523,0.918299978,,0.920951277,0.015573358,,0.015349131,0.00466365,,0.005538962,0.341614898,,0.352658025
GES,29,RandomForest,mw,0.459946202,,0.477475356,0.912442147,,0.916969143,0.015682732,,0.015387419,0.00543208,,0.005177259,0.32551934,,0.351393072
GES,29,RandomForest,original,,0.454215463,,,0.911225948,,,0.015871289,,,0.005424093,,,0.314247794,
GES,29,XGBoost,m,0.524361102,,0.536945223,0.924139793,,0.927144709,0.014623125,,0.014334257,0.009639486,,0.009536456,0.445655287,,0.472370768
GES,29,XGBoost,m+mw,0.517455403,,0.538420642,0.925176523,,0.928312386,0.01478725,,0.014412875,0.010042506,,0.009726329,0.427492574,,0.470892818
GES,29,XGBoost,mw,0.523894024,,0.538084983,0.924760664,,0.927157305,0.014625646,,0.014357252,0.009560105,,0.010017119,0.457918161,,0.478259806
GES,29,XGBoost,original,,0.492604687,,,0.922726393,,,0.014998535,,,0.008711563,,,0.444807284,
GES,30,LightGBM,m,0.488311399,,0.503816062,0.914919663,,0.916836879,0.0167544,,0.016441475,0.014158142,,0.013867973,0.494466377,,0.513490955
GES,30,LightGBM,m+mw,0.492726523,,0.51022386,0.915605495,,0.914911711,0.01675492,,0.016403315,0.014063075,,0.014125186,0.48743923,,0.507137048
GES,30,LightGBM,mw,0.498313616,,0.506961431,0.915381543,,0.918091748,0.016609531,,0.016339709,0.013565169,,0.014051201,0.498736644,,0.514985577
GES,30,LightGBM,original,,0.44554696,,,0.90790438,,,0.01805441,,,0.0147599,,,0.467137957,
GES,30,Logit,m,0.073271132,,0.138115721,0.796853521,,0.852786153,0.196444809,,0.168636628,0.383213558,,0.32936445,0.099878947,,0.12082628
GES,30,Logit,m+mw,0.073000531,,0.136766377,0.797030122,,0.852960501,0.195316853,,0.168232595,0.379005644,,0.328430282,0.101206917,,0.120598825
GES,30,Logit,mw,0.058335295,,0.128376439,0.759905239,,0.847943661,0.214427623,,0.171271905,0.418347546,,0.333196314,0.085356431,,0.118337466
GES,30,Logit,original,,0.130230741,,,0.849008461,,,0.171983503,,,0.334574154,,,0.116419833,
GES,30,RandomForest,m,0.466379207,,0.47715347,0.91906229,,0.924900298,0.01567578,,0.015461756,0.005633008,,0.005140087,0.338922878,,0.34125341
GES,30,RandomForest,m+mw,0.474175712,,0.481721463,0.915705936,,0.915875953,0.015552218,,0.015338997,0.005180827,,0.005011342,0.349495196,,0.355279007
GES,30,RandomForest,mw,0.473950878,,0.479776384,0.918410216,,0.91867345,0.015588415,,0.015425857,0.005192438,,0.005183936,0.332788816,,0.349418981
GES,30,RandomForest,original,,0.454215463,,,0.911225948,,,0.015871289,,,0.005424093,,,0.314247794,
GES,30,XGBoost,m,0.527384392,,0.529588151,0.9253331,,0.927319403,0.01465548,,0.014494153,0.0100714,,0.010351348,0.46180745,,0.475891121
GES,30,XGBoost,m+mw,0.522045828,,0.533874222,0.924047457,,0.925854211,0.014685357,,0.014468796,0.009865365,,0.009735059,0.454478411,,0.487729758
GES,30,XGBoost,mw,0.528703509,,0.534167154,0.924276772,,0.926123067,0.014533498,,0.014469409,0.009524379,,0.009842984,0.462558215,,0.459012933
GES,30,XGBoost,original,,0.492604687,,,0.922726393,,,0.014998535,,,0.008711563,,,0.444807284,
GES,31,LightGBM,m,0.495193493,,0.507571264,0.913545374,,0.916594914,0.016545917,,0.016417412,0.01377001,,0.01436766,0.492512982,,0.50589151
GES,31,LightGBM,m+mw,0.495427526,,0.512551276,0.913958388,,0.918236162,0.016936171,,0.016431372,0.014586467,,0.014088349,0.475233077,,0.511590899
GES,31,LightGBM,mw,0.497972082,,0.507085621,0.917278564,,0.918286589,0.016703944,,0.016353696,0.013666441,,0.013662164,0.489260308,,0.50871144
GES,31,LightGBM,original,,0.44554696,,,0.90790438,,,0.01805441,,,0.0147599,,,0.467137957,
GES,31,Logit,m,0.073268306,,0.137725401,0.796727122,,0.852670885,0.196486343,,0.168657113,0.383243864,,0.32934464,0.099754127,,0.120010613
GES,31,Logit,m+mw,0.073039392,,0.136796831,0.796919449,,0.852870394,0.195264475,,0.168266099,0.378931337,,0.328519024,0.101559437,,0.120691734
GES,31,Logit,mw,0.058336821,,0.128335134,0.759906634,,0.847961472,0.214424153,,0.17128162,0.418344349,,0.33325658,0.085356431,,0.118646215
GES,31,Logit,original,,0.130230741,,,0.849008461,,,0.171983503,,,0.334574154,,,0.116419833,
GES,31,RandomForest,m,0.468558144,,0.484118485,0.915460126,,0.916395283,0.015712611,,0.015394517,0.005408368,,0.005788132,0.32094022,,0.34556289
GES,31,RandomForest,m+mw,0.470336974,,0.482884257,0.920328238,,0.915299365,0.015607285,,0.015397516,0.005207406,,0.005989955,0.335829081,,0.343091219
GES,31,RandomForest,mw,0.468224064,,0.480954823,0.916459657,,0.918140172,0.015670266,,0.015459556,0.0051993,,0.005606121,0.327103861,,0.336608701
GES,31,RandomForest,original,,0.454215463,,,0.911225948,,,0.015871289,,,0.005424093,,,0.314247794,
GES,31,XGBoost,m,0.528984326,,0.53935252,0.924024829,,0.92741815,0.014607853,,0.014385688,0.009800671,,0.009870645,0.455697314,,0.467704301
GES,31,XGBoost,m+mw,0.527471132,,0.543995777,0.922321807,,0.926081284,0.014663342,,0.014400996,0.009943793,,0.010153861,0.452271829,,0.470109036
GES,31,XGBoost,mw,0.518972091,,0.537102588,0.923184921,,0.927635808,0.014762011,,0.014417453,0.010156881,,0.009833406,0.459586668,,0.466496719
GES,31,XGBoost,original,,0.492604687,,,0.922726393,,,0.014998535,,,0.008711563,,,0.444807284,
GES,32,LightGBM,m,0.490689866,,0.509932514,0.915876342,,0.915133085,0.016854146,,0.016410314,0.014310713,,0.013833622,0.488199318,,0.509385008
GES,32,LightGBM,m+mw,0.491612817,,0.50565328,0.913497926,,0.916725775,0.017004441,,0.016471482,0.01407167,,0.014038101,0.483268395,,0.493606574
GES,32,LightGBM,mw,0.493929296,,0.501094559,0.916740767,,0.915586615,0.016685919,,0.016557579,0.013762928,,0.014365075,0.482073903,,0.499516819
GES,32,LightGBM,original,,0.44554696,,,0.90790438,,,0.01805441,,,0.0147599,,,0.467137957,
GES,32,Logit,m,0.073227933,,0.138145897,0.796642782,,0.852943176,0.196475237,,0.168564154,0.383211864,,0.329199607,0.099875463,,0.120393255
GES,32,Logit,m+mw,0.072993737,,0.137050008,0.796789802,,0.852858705,0.195290798,,0.168229744,0.378871883,,0.328569585,0.101113608,,0.120086915
GES,32,Logit,mw,0.058342054,,0.128649909,0.759922509,,0.848229752,0.214421025,,0.171187419,0.418341334,,0.333163918,0.085356431,,0.118399983
GES,32,Logit,original,,0.130230741,,,0.849008461,,,0.171983503,,,0.334574154,,,0.116419833,
GES,32,RandomForest,m,0.466378495,,0.479334958,0.919749787,,0.923720114,0.015701485,,0.015465446,0.005460917,,0.005327155,0.323813338,,0.337385224
GES,32,RandomForest,m+mw,0.472277513,,0.480210992,0.918917852,,0.916104029,0.01558941,,0.015416177,0.005809917,,0.005464944,0.347153549,,0.348918676
GES,32,RandomForest,mw,0.467821818,,0.483917558,0.916513679,,0.923242895,0.015676059,,0.015411429,0.005792793,,0.005708839,0.328719131,,0.335647427
GES,32,RandomForest,original,,0.454215463,,,0.911225948,,,0.015871289,,,0.005424093,,,0.314247794,
GES,32,XGBoost,m,0.525722972,,0.538899996,0.924197707,,0.92686041,0.014658002,,0.014403264,0.010493495,,0.009739681,0.450353878,,0.470508479
GES,32,XGBoost,m+mw,0.525601358,,0.536883191,0.925477239,,0.926663522,0.014690399,,0.014474737,0.009588717,,0.009735076,0.437884008,,0.471687166
GES,32,XGBoost,mw,0.524103609,,0.534286386,0.92390994,,0.92820214,0.014663028,,0.014470665,0.009669581,,0.01037332,0.445720777,,0.468823845
GES,32,XGBoost,original,,0.492604687,,,0.922726393,,,0.014998535,,,0.008711563,,,0.444807284,
GES,33,LightGBM,m,0.49539406,,0.50931566,0.912973487,,0.917973202,0.016855216,,0.016419667,0.013992531,,0.014016617,0.47925249,,0.505738259
GES,33,LightGBM,m+mw,0.490050096,,0.50821486,0.913267447,,0.917467182,0.017114595,,0.016558056,0.014256705,,0.014174472,0.464797328,,0.499911451
GES,33,LightGBM,mw,0.492852902,,0.507794667,0.912688761,,0.918422234,0.016836029,,0.016462386,0.014601088,,0.014062245,0.489171106,,0.507388437
GES,33,LightGBM,original,,0.44554696,,,0.90790438,,,0.01805441,,,0.0147599,,,0.467137957,
GES,33,Logit,m,0.071154902,,0.138696024,0.788620973,,0.85313824,0.196721209,,0.168478716,0.382230101,,0.329132442,0.098266474,,0.119946378
GES,33,Logit,m+mw,0.071351624,,0.138102313,0.790660264,,0.852893708,0.195435742,,0.16812971,0.377843782,,0.328274629,0.099042591,,0.120162118
GES,33,Logit,mw,0.058587642,,0.128985539,0.759893471,,0.847550849,0.214156324,,0.171122569,0.417962708,,0.332962089,0.085462937,,0.118282941
GES,33,Logit,original,,0.130230741,,,0.849008461,,,0.171983503,,,0.334574154,,,0.116419833,
GES,33,RandomForest,m,0.465346754,,0.480236636,0.918597864,,0.922558349,0.015745561,,0.015472444,0.005209053,,0.005445329,0.322775034,,0.345946754
GES,33,RandomForest,m+mw,0.468561255,,0.478928033,0.916857228,,0.918176455,0.015628784,,0.015433072,0.005146452,,0.005911688,0.350675635,,0.336726882
GES,33,RandomForest,mw,0.468115743,,0.48033159,0.919403859,,0.91525106,0.015697951,,0.015437357,0.005244774,,0.005599842,0.319220955,,0.339406856
GES,33,RandomForest,original,,0.454215463,,,0.911225948,,,0.015871289,,,0.005424093,,,0.314247794,
GES,33,XGBoost,m,0.523552278,,0.533856833,0.924340263,,0.926725619,0.01476905,,0.014530229,0.010079567,,0.009837307,0.433931664,,0.464174642
GES,33,XGBoost,m+mw,0.521108311,,0.538422428,0.923926179,,0.927062572,0.014730621,,0.014389649,0.010144593,,0.009938574,0.442074936,,0.480914062
GES,33,XGBoost,mw,0.522533242,,0.536323053,0.922708924,,0.927822092,0.014756956,,0.014483335,0.010309258,,0.010102473,0.432019651,,0.482818559
GES,33,XGBoost,original,,0.492604687,,,0.922726393,,,0.014998535,,,0.008711563,,,0.444807284,
GES,34,LightGBM,m,0.497669808,,0.508976172,0.916643496,,0.917473466,0.016683985,,0.016344272,0.013689327,,0.01362582,0.492818074,,0.513706233
GES,34,LightGBM,m+mw,0.494271691,,0.508085057,0.913535495,,0.917131578,0.017020261,,0.016414707,0.014379307,,0.014098266,0.476933268,,0.504597966
GES,34,LightGBM,mw,0.492928135,,0.509062709,0.916205033,,0.918899377,0.016864087,,0.016484431,0.013739389,,0.014353758,0.488465214,,0.498004906
GES,34,LightGBM,original,,0.44554696,,,0.90790438,,,0.01805441,,,0.0147599,,,0.467137957,
GES,34,Logit,m,0.071181078,,0.138672402,0.78895387,,0.852994137,0.196521216,,0.168513072,0.382054169,,0.329143964,0.09822549,,0.120199403
GES,34,Logit,m+mw,0.071596469,,0.138028676,0.790985992,,0.852682929,0.19518924,,0.168234866,0.377503319,,0.328448084,0.099401327,,0.119902195
GES,34,Logit,mw,0.058586057,,0.129267286,0.759889144,,0.847641156,0.214155494,,0.171124808,0.417960795,,0.332994498,0.085462937,,0.11819047
GES,34,Logit,original,,0.130230741,,,0.849008461,,,0.171983503,,,0.334574154,,,0.116419833,
GES,34,RandomForest,m,0.463346985,,0.481258533,0.918537553,,0.922719121,0.015782301,,0.015454626,0.005200474,,0.005280792,0.323115462,,0.338282846
GES,34,RandomForest,m+mw,0.467208476,,0.480079818,0.912523429,,0.916569784,0.015642256,,0.015390865,0.005706099,,0.005115428,0.337037347,,0.347667144
GES,34,RandomForest,mw,0.468431442,,0.4782875,0.920105032,,0.922185962,0.01573719,,0.01546707,0.005062202,,0.005875591,0.303183445,,0.334253434
GES,34,RandomForest,original,,0.454215463,,,0.911225948,,,0.015871289,,,0.005424093,,,0.314247794,
GES,34,XGBoost,m,0.525769078,,0.537323807,0.925947441,,0.928120237,0.014762306,,0.014408462,0.010691537,,0.009641168,0.461235576,,0.473128981
GES,34,XGBoost,m+mw,0.525266125,,0.541840446,0.924936326,,0.929678836,0.014749053,,0.014346927,0.009931064,,0.009872614,0.451261005,,0.471013384
GES,34,XGBoost,mw,0.527999422,,0.539553826,0.92563572,,0.927856472,0.014591686,,0.014433298,0.010359822,,0.009768662,0.464339032,,0.469358015
GES,34,XGBoost,original,,0.492604687,,,0.922726393,,,0.014998535,,,0.008711563,,,0.444807284,
GES,35,LightGBM,m,0.494944674,,0.502180013,0.913375891,,0.920046238,0.01691912,,0.01666892,0.014555571,,0.014153927,0.486078529,,0.505833575
GES,35,LightGBM,m+mw,0.492227644,,0.515224485,0.911624603,,0.921035113,0.017222734,,0.01614501,0.014617882,,0.013897904,0.474843832,,0.508337033
GES,35,LightGBM,mw,0.500051138,,0.506684132,0.915332431,,0.918823338,0.016826494,,0.016449971,0.014258914,,0.013806749,0.48145702,,0.50826668
GES,35,LightGBM,original,,0.44554696,,,0.90790438,,,0.01805441,,,0.0147599,,,0.467137957,
GES,35,Logit,m,0.071468628,,0.139004653,0.789131963,,0.85305844,0.196439394,,0.168512397,0.38192673,,0.329196012,0.098176004,,0.12054297
GES,35,Logit,m+mw,0.071634535,,0.138909246,0.791158268,,0.853160296,0.195119036,,0.168014698,0.377471944,,0.328181144,0.099421449,,0.120183323
GES,35,Logit,mw,0.058588489,,0.129139734,0.759891968,,0.847806671,0.214155432,,0.171183314,0.417960882,,0.333050396,0.085462937,,0.118082107
GES,35,Logit,original,,0.130230741,,,0.849008461,,,0.171983503,,,0.334574154,,,0.116419833,
GES,35,RandomForest,m,0.475159186,,0.483093442,0.918222206,,0.92008594,0.015545418,,0.01534879,0.005151568,,0.005305145,0.350204876,,0.354855925
GES,35,RandomForest,m+mw,0.47416595,,0.483948386,0.918385233,,0.917728808,0.015479941,,0.015294371,0.005474893,,0.006029393,0.361428563,,0.366829053
GES,35,RandomForest,mw,0.47168629,,0.480961688,0.9162249,,0.917175449,0.015574043,,0.015389274,0.005168259,,0.005724714,0.344724441,,0.358191782
GES,35,RandomForest,original,,0.454215463,,,0.911225948,,,0.015871289,,,0.005424093,,,0.314247794,
GES,35,XGBoost,m,0.528529476,,0.531185061,0.926510707,,0.92990662,0.014512613,,0.014517015,0.009810019,,0.009928057,0.457919631,,0.469709745
GES,35,XGBoost,m+mw,0.527786093,,0.542213948,0.924938461,,0.925349656,0.014637299,,0.014268652,0.010153044,,0.010007262,0.46724133,,0.493373978
GES,35,XGBoost,mw,0.528402376,,0.538154617,0.926054291,,0.926999812,0.014575235,,0.014332152,0.009960796,,0.009530809,0.459515053,,0.479652518
GES,35,XGBoost,original,,0.492604687,,,0.922726393,,,0.014998535,,,0.008711563,,,0.444807284,
