DAG,k,Model,Feature,Set,f1,AUPRC,AUROC,Brier,ECE
GOLEM,1,Logit,original,O,0.116419832827323,0.13023074092708337,0.8490084611597067,0.17198350331315498,0.33457415393638723
GOLEM,1,Logit,m,F,0.06657003807944253,0.0401859896742965,0.6718877696585374,0.23171191359318902,0.4398810880343299
GOLEM,1,Logit,m,OF,0.11648029764697312,0.13009668253978277,0.849037018584345,0.17204962791816772,0.33437393002741833
GOLEM,1,Logit,mw,F,0.06677435723345547,0.0401859896742965,0.6718877696585374,0.2318643799646388,0.43641042524992335
GOLEM,1,Logit,mw,OF,0.11574538895677448,0.12942230697094792,0.8487789603757449,0.17227600346215607,0.3344349854894723
GOLEM,1,Logit,m+mw,F,0.06671702727901664,0.0401859896742965,0.6718877696585374,0.23197690325372186,0.43471589085581874
GOLEM,1,Logit,m+mw,OF,0.11599457192114818,0.13130826931665482,0.84896804292858,0.17218284662409733,0.3343450936320368
GOLEM,1,RandomForest,original,O,0.31424779427767824,0.4542154632477241,0.9112259482556265,0.0158712891856445,0.005424093281337729
GOLEM,1,RandomForest,m,F,0.03990496502037015,0.031219346956008403,0.5352754888632685,0.03611583503348855,0.0437136970979871
GOLEM,1,RandomForest,m,OF,0.25882819967333215,0.45081648320732226,0.9103266776390644,0.01599344821967736,0.005698621594431795
GOLEM,1,RandomForest,mw,F,0.04137182234702672,0.031836382802720914,0.5322832929765786,0.036239762806471856,0.04388715780969893
GOLEM,1,RandomForest,mw,OF,0.25882819967333215,0.4508427989847288,0.9105891200219624,0.015993217158197372,0.005697922567442349
GOLEM,1,RandomForest,m+mw,F,0.03894861999480123,0.03150681028295814,0.5332311413640209,0.03590306879001652,0.04369104990528147
GOLEM,1,RandomForest,m+mw,OF,0.2553195789133881,0.4463548082747594,0.9150729371905865,0.01608716843932221,0.004987314348310518
GOLEM,1,XGBoost,original,O,0.4448072841647158,0.4926046867005952,0.9227263926424693,0.014998535010819675,0.00871156269105181
GOLEM,1,XGBoost,m,F,0.0,0.03474964956446734,0.6500043921838372,0.02171607370442484,0.0008101588539207418
GOLEM,1,XGBoost,m,OF,0.4484491645118437,0.4931128244793017,0.9193839612694583,0.015021451083344291,0.008705505337514862
GOLEM,1,XGBoost,mw,F,0.0,0.03474964956446734,0.6500043921838372,0.02171607370442484,0.0008101588539207418
GOLEM,1,XGBoost,mw,OF,0.4484491645118437,0.4931128244793017,0.9193839612694583,0.015021451083344291,0.008705505337514862
GOLEM,1,XGBoost,m+mw,F,0.0,0.03474964956446734,0.6500043921838372,0.02171607370442484,0.0008101588539207418
GOLEM,1,XGBoost,m+mw,OF,0.46391610274079476,0.4887755747223905,0.9207973028199918,0.01508079810557707,0.008963788743346128
GOLEM,1,LightGBM,original,O,0.46713795743990616,0.44554695977400216,0.9079043799078557,0.018054409706908907,0.01475990032229794
GOLEM,1,LightGBM,m,F,0.055181769619091006,0.031206178076243485,0.6087387837307692,0.21619607967223042,0.3315101488747452
GOLEM,1,LightGBM,m,OF,0.46641608156522896,0.45028971827641395,0.9101260985145803,0.018139388129488267,0.015537984790544353
GOLEM,1,LightGBM,mw,F,0.0551434119499533,0.031166691917649775,0.6083516106717691,0.21622192056903203,0.33149502082845117
GOLEM,1,LightGBM,mw,OF,0.46641608156522896,0.45029064316294365,0.9101275645537822,0.01813942602644248,0.015537599252408909
GOLEM,1,LightGBM,m+mw,F,0.055181769619091006,0.031206178076243485,0.6087387837307692,0.21619607967223042,0.3315101488747452
GOLEM,1,LightGBM,m+mw,OF,0.4802342123974147,0.45368188578216573,0.9089913716128581,0.017985622477932575,0.015815462067163343
GOLEM,2,Logit,original,O,0.116419832827323,0.13023074092708337,0.8490084611597067,0.17198350331315498,0.33457415393638723
GOLEM,2,Logit,m,F,0.06662675044781363,0.040188885191869875,0.6720552534827069,0.2316532161982975,0.43980749340283454
GOLEM,2,Logit,m,OF,0.11602006268031291,0.1301067392301588,0.8488964056526445,0.17214513776824816,0.33440793098765037
GOLEM,2,Logit,mw,F,0.06656567039313159,0.04059921893741573,0.6720007664122502,0.23184576836851783,0.4363896460568378
GOLEM,2,Logit,mw,OF,0.11611566525596091,0.13041518079841324,0.8486347302145681,0.17208879013040085,0.3341787436571428
GOLEM,2,Logit,m+mw,F,0.06677634204698749,0.040191811027173376,0.6721101379898495,0.23196673159644074,0.4347994567886705
GOLEM,2,Logit,m+mw,OF,0.11593408944232883,0.13073739500717046,0.8488004821541262,0.17225862027067373,0.3344107407042339
GOLEM,2,RandomForest,original,O,0.31424779427767824,0.4542154632477241,0.9112259482556265,0.0158712891856445,0.005424093281337729
GOLEM,2,RandomForest,m,F,0.005,0.0391829136264856,0.6259545701205711,0.023565164001704428,0.020265681995240613
GOLEM,2,RandomForest,m,OF,0.30877393878398623,0.47760090093386065,0.9202566739002449,0.015528140800010757,0.005717517128662232
GOLEM,2,RandomForest,mw,F,0.005,0.03931973402874664,0.625495259650723,0.023622413249609533,0.020158291316684236
GOLEM,2,RandomForest,mw,OF,0.3247560165916156,0.47696519008214766,0.9147498506870944,0.015548306275736761,0.005140942723554209
GOLEM,2,RandomForest,m+mw,F,0.009545454545454546,0.03950285420957304,0.626327304066796,0.023938035286716737,0.021972737791099727
GOLEM,2,RandomForest,m+mw,OF,0.3373292070451369,0.4781038822996315,0.9148455188343767,0.015440808259335262,0.00531365694281359
GOLEM,2,XGBoost,original,O,0.4448072841647158,0.4926046867005952,0.9227263926424693,0.014998535010819675,0.00871156269105181
GOLEM,2,XGBoost,m,F,0.0,0.0558282557606832,0.6898275691217355,0.021705132912385662,0.0049610575107553855
GOLEM,2,XGBoost,m,OF,0.4689922778244524,0.5120559171522217,0.9265180381153085,0.014621746301701677,0.00933031278283734
GOLEM,2,XGBoost,mw,F,0.0,0.05603334744020945,0.6904048775581336,0.02170248953211245,0.004988469737739325
GOLEM,2,XGBoost,mw,OF,0.47739456314739187,0.5180571534710182,0.9269486606490622,0.014599601137306786,0.008704312945679167
GOLEM,2,XGBoost,m+mw,F,0.0,0.05645234586820634,0.6998484718487092,0.021921965908835873,0.007091241507392392
GOLEM,2,XGBoost,m+mw,OF,0.482018439769734,0.5193068182316543,0.9273459258217039,0.014530273764467003,0.008880175100472683
GOLEM,2,LightGBM,original,O,0.46713795743990616,0.44554695977400216,0.9079043799078557,0.018054409706908907,0.01475990032229794
GOLEM,2,LightGBM,m,F,0.0849767901672571,0.048070528910810074,0.673476142566626,0.06842974029276538,0.0972866952474647
GOLEM,2,LightGBM,m,OF,0.4962052837796039,0.4855210472110188,0.9157657243523571,0.01701929335793025,0.013801461595446558
GOLEM,2,LightGBM,mw,F,0.09068030574218634,0.049012349479841365,0.67417181583582,0.0687928662020311,0.0982452478132936
GOLEM,2,LightGBM,mw,OF,0.5002026762985465,0.4818782220868691,0.916955439990067,0.016903126863042867,0.014101841049455588
GOLEM,2,LightGBM,m+mw,F,0.08783675151061371,0.04777182378194963,0.6677309088273911,0.06537085809107601,0.09332449531687684
GOLEM,2,LightGBM,m+mw,OF,0.500136402960758,0.4823100238423647,0.9127740971219772,0.01687297274734171,0.01370322236339252
GOLEM,3,Logit,original,O,0.116419832827323,0.13023074092708337,0.8490084611597067,0.17198350331315498,0.33457415393638723
GOLEM,3,Logit,m,F,0.07633263212554811,0.04585810144205729,0.708317297942476,0.22398766346550308,0.4230055568795712
GOLEM,3,Logit,m,OF,0.11604708195983778,0.13384267384819595,0.8503654558541545,0.1719033213914895,0.33395276837628335
GOLEM,3,Logit,mw,F,0.07569115233258011,0.04559187914821079,0.7081548413202109,0.22401480120095943,0.4208934634642156
GOLEM,3,Logit,mw,OF,0.11620104113655652,0.13389795654392878,0.8502990712633268,0.17203484397025098,0.334118961454258
GOLEM,3,Logit,m+mw,F,0.07585809254636966,0.04541508411774082,0.7081363219448253,0.22404902968651502,0.4185320162791748
GOLEM,3,Logit,m+mw,OF,0.11531746038798615,0.1366046317106688,0.8509276041829688,0.17202080961428606,0.3337187558498492
GOLEM,3,RandomForest,original,O,0.31424779427767824,0.4542154632477241,0.9112259482556265,0.0158712891856445,0.005424093281337729
GOLEM,3,RandomForest,m,F,0.005,0.07110714404728002,0.7189872833407087,0.02188231142117408,0.01024210554369669
GOLEM,3,RandomForest,m,OF,0.34384155193020316,0.4810253616585186,0.9230901129532045,0.015456960475080439,0.005272956362083476
GOLEM,3,RandomForest,mw,F,0.005,0.0724016593010066,0.7135382447378502,0.021873047606637566,0.009951365650514016
GOLEM,3,RandomForest,mw,OF,0.3336021396562261,0.47458964045390084,0.9154355656250139,0.015501259422483659,0.004989540074004324
GOLEM,3,RandomForest,m+mw,F,0.009878048780487805,0.06715849691154177,0.7054788833302689,0.022279510890369995,0.013163505804800153
GOLEM,3,RandomForest,m+mw,OF,0.3251651003966748,0.47369210465818296,0.9174312074523637,0.015539807247449928,0.005545667158111401
GOLEM,3,XGBoost,original,O,0.4448072841647158,0.4926046867005952,0.9227263926424693,0.014998535010819675,0.00871156269105181
GOLEM,3,XGBoost,m,F,0.0047619047619047615,0.08636141392794253,0.7464236537063433,0.021383543767265607,0.007025652383473984
GOLEM,3,XGBoost,m,OF,0.4631447473183684,0.5179835353419661,0.9265042912510639,0.01467829058915924,0.008719591667980336
GOLEM,3,XGBoost,mw,F,0.004651162790697674,0.08780467458957211,0.7455123465871328,0.021386031730468522,0.006381676607996727
GOLEM,3,XGBoost,mw,OF,0.4625178696423104,0.5134778945390438,0.9271040291437188,0.014742086234649473,0.009114688257327978
GOLEM,3,XGBoost,m+mw,F,0.004878048780487805,0.09166220633116591,0.744612014423578,0.021432755508511103,0.006810172490895999
GOLEM,3,XGBoost,m+mw,OF,0.4791484412525716,0.52040054183014,0.9270405107517874,0.01459643221012509,0.009267250058274907
GOLEM,3,LightGBM,original,O,0.46713795743990616,0.44554695977400216,0.9079043799078557,0.018054409706908907,0.01475990032229794
GOLEM,3,LightGBM,m,F,0.11962607068654614,0.0730838642100347,0.7005078855044854,0.04949526027905553,0.0643783487382551
GOLEM,3,LightGBM,m,OF,0.4908058550409297,0.4769146998593675,0.9159069937098195,0.01704135966614005,0.013915827043066898
GOLEM,3,LightGBM,mw,F,0.11246988892186387,0.06807538791955589,0.7043461287146523,0.049878075910144676,0.06469582829656029
GOLEM,3,LightGBM,mw,OF,0.49489179232259384,0.4804058855030899,0.9155084796361619,0.016995690831264405,0.013839573709581133
GOLEM,3,LightGBM,m+mw,F,0.1174406227502361,0.07369322787129591,0.7053114773265295,0.04027645089840374,0.04658312640298102
GOLEM,3,LightGBM,m+mw,OF,0.5102325027440573,0.4778599891349863,0.9160605302006257,0.017067767905617922,0.013973692889320138
GOLEM,4,Logit,original,O,0.116419832827323,0.13023074092708337,0.8490084611597067,0.17198350331315498,0.33457415393638723
GOLEM,4,Logit,m,F,0.07648019549509513,0.04578057833664765,0.7083382891413093,0.2239627644734074,0.422567629386889
GOLEM,4,Logit,m,OF,0.11547668264995722,0.13375470209929435,0.8504836130365035,0.17196790068327045,0.3340243101894972
GOLEM,4,Logit,mw,F,0.07572853537783746,0.04665579337175023,0.7081561249222404,0.22401734417317015,0.42080193241995206
GOLEM,4,Logit,mw,OF,0.11595405039039781,0.13367758125970966,0.849889494338757,0.17204766438507718,0.334087785214746
GOLEM,4,Logit,m+mw,F,0.0758853275132472,0.04539236558565678,0.7080531453342699,0.22408266967522286,0.4184777592978605
GOLEM,4,Logit,m+mw,OF,0.11551480379571917,0.136677342042051,0.8509916157486426,0.17205012026961525,0.3338245892666569
GOLEM,4,RandomForest,original,O,0.31424779427767824,0.4542154632477241,0.9112259482556265,0.0158712891856445,0.005424093281337729
GOLEM,4,RandomForest,m,F,0.004878048780487805,0.06630730629842448,0.7004185241144325,0.022289788768643327,0.012446074413236242
GOLEM,4,RandomForest,m,OF,0.32965537831545805,0.48412752906672196,0.9195403543561007,0.015445112066476654,0.006029516617834817
GOLEM,4,RandomForest,mw,F,0.00952921157118548,0.06775088654666153,0.7101786628238826,0.022274415329457113,0.011665869553935745
GOLEM,4,RandomForest,mw,OF,0.3358104835123469,0.47430496314427434,0.911700403463969,0.015501892615378533,0.0059217909627940065
GOLEM,4,RandomForest,m+mw,F,0.00952921157118548,0.06721104968608457,0.7065455441097146,0.022245979526809373,0.012080977712418544
GOLEM,4,RandomForest,m+mw,OF,0.31716289765422606,0.46827520498802155,0.9161031663192623,0.01566972051601228,0.005379047306870348
GOLEM,4,XGBoost,original,O,0.4448072841647158,0.4926046867005952,0.9227263926424693,0.014998535010819675,0.00871156269105181
GOLEM,4,XGBoost,m,F,0.0,0.08891995246836529,0.7471945433937036,0.021412515853737144,0.006698218511049407
GOLEM,4,XGBoost,m,OF,0.4689393057030056,0.5150498738927224,0.9272807294522947,0.014627348413742098,0.009213604542953474
GOLEM,4,XGBoost,mw,F,0.009639953542392566,0.09009552735491323,0.7466875111357755,0.021363546894172702,0.006945247599667234
GOLEM,4,XGBoost,mw,OF,0.47664954038408575,0.5097607156489465,0.9265689572505987,0.014705530223096286,0.009337990292362167
GOLEM,4,XGBoost,m+mw,F,0.0,0.08723934326866292,0.747041186027224,0.021454840908747684,0.006831081296848601
GOLEM,4,XGBoost,m+mw,OF,0.4754296463422542,0.5175651762534514,0.9260652919135659,0.014650599764698468,0.008940549361225967
GOLEM,4,LightGBM,original,O,0.46713795743990616,0.44554695977400216,0.9079043799078557,0.018054409706908907,0.01475990032229794
GOLEM,4,LightGBM,m,F,0.11701954587498838,0.07593292136243225,0.7124892232699539,0.0404850627702593,0.04725797721718636
GOLEM,4,LightGBM,m,OF,0.49951627358058925,0.4806915127605055,0.9153085775588583,0.01696060179645265,0.01386433347726144
GOLEM,4,LightGBM,mw,F,0.12025086149533326,0.07328401671457638,0.716834994763355,0.04106867533217147,0.04835559838773277
GOLEM,4,LightGBM,mw,OF,0.5047807974213835,0.4804737046088339,0.9161360099585997,0.01687261682387646,0.013640819379128689
GOLEM,4,LightGBM,m+mw,F,0.10456787196108755,0.07238906774083187,0.7078751697057794,0.03960149884552512,0.044253040901692464
GOLEM,4,LightGBM,m+mw,OF,0.4943119231357526,0.4805202740035116,0.9167228735025894,0.017105459044801073,0.014241754998072292
GOLEM,5,Logit,original,O,0.116419832827323,0.13023074092708337,0.8490084611597067,0.17198350331315498,0.33457415393638723
GOLEM,5,Logit,m,F,0.07650107905090338,0.04727807750591099,0.7092768744862783,0.2237543318684605,0.422351015707901
GOLEM,5,Logit,m,OF,0.11584998786996534,0.13407650448256844,0.8507419289132351,0.17191021848368765,0.33387515968141634
GOLEM,5,Logit,mw,F,0.07573852650316343,0.046798768514340935,0.7086386804899067,0.22385097976086343,0.4206253688459518
GOLEM,5,Logit,mw,OF,0.11630430191871188,0.1335388465706267,0.8503078599922163,0.17197053285165848,0.3339331004108644
GOLEM,5,Logit,m+mw,F,0.07596812971662621,0.046846054440137015,0.7090301734686693,0.22381791185555389,0.41819051246190825
GOLEM,5,Logit,m+mw,OF,0.11523764195134867,0.13769450812451162,0.8513902173820785,0.17186978201705042,0.3334552402372665
GOLEM,5,RandomForest,original,O,0.31424779427767824,0.4542154632477241,0.9112259482556265,0.0158712891856445,0.005424093281337729
GOLEM,5,RandomForest,m,F,0.02348773366924246,0.16992495087141268,0.8447976948932219,0.020218509791145364,0.007863160621146129
GOLEM,5,RandomForest,m,OF,0.327679417646069,0.4744999607755117,0.9185734008066134,0.015509533381899454,0.005097906607993418
GOLEM,5,RandomForest,mw,F,0.018609684888754658,0.17115410544530368,0.8463934364410111,0.020278699651533793,0.00794086297320313
GOLEM,5,RandomForest,mw,OF,0.31683580011382617,0.47428228275765827,0.9191273116494394,0.015512483658368381,0.005709330447189699
GOLEM,5,RandomForest,m+mw,F,0.0237258289073377,0.17101886184582185,0.8464172106506608,0.020304218955940978,0.008574239182901225
GOLEM,5,RandomForest,m+mw,OF,0.28681379360254733,0.4712882448643049,0.9165912038398518,0.01570996025905734,0.006047960957654471
GOLEM,5,XGBoost,original,O,0.4448072841647158,0.4926046867005952,0.9227263926424693,0.014998535010819675,0.00871156269105181
GOLEM,5,XGBoost,m,F,0.0850257287274723,0.19125738709659634,0.8677715234285142,0.0201063386219843,0.009254784536556409
GOLEM,5,XGBoost,m,OF,0.47141541162073064,0.5208397942302818,0.9270818182723971,0.014588467986485906,0.00918708532967936
GOLEM,5,XGBoost,mw,F,0.0783885445942744,0.18926509453623103,0.8667023644486568,0.0200897385809495,0.00859502936671468
GOLEM,5,XGBoost,mw,OF,0.4635041401657679,0.5226406194050905,0.9267645850646101,0.01456893413770862,0.009491610123410021
GOLEM,5,XGBoost,m+mw,F,0.09280506550124791,0.19994268520537734,0.8680774317455594,0.02004767578459897,0.009998000514981193
GOLEM,5,XGBoost,m+mw,OF,0.4872222987555678,0.5248056207180383,0.9277182364155617,0.014489736741009254,0.00961020406250059
GOLEM,5,LightGBM,original,O,0.46713795743990616,0.44554695977400216,0.9079043799078557,0.018054409706908907,0.01475990032229794
GOLEM,5,LightGBM,m,F,0.2132614592211021,0.17556677362945045,0.8392929675583977,0.029491679029027752,0.027007737955045203
GOLEM,5,LightGBM,m,OF,0.5110230632414583,0.4813914063351076,0.9170167955128935,0.016839636341771106,0.013773774633467864
GOLEM,5,LightGBM,mw,F,0.21293016515778435,0.17191469414861466,0.8433194673743711,0.029254578901552853,0.026259389320998732
GOLEM,5,LightGBM,mw,OF,0.5055121580720504,0.48590550729259974,0.9187088523556616,0.016854371814652058,0.013652851257203521
GOLEM,5,LightGBM,m+mw,F,0.21217648543541395,0.1636568782712,0.840801264333846,0.029139729100051658,0.026135973145303016
GOLEM,5,LightGBM,m+mw,OF,0.4952477333853237,0.4880250683770419,0.9171049679162184,0.016959730331143404,0.013696917327921564
GOLEM,6,Logit,original,O,0.116419832827323,0.13023074092708337,0.8490084611597067,0.17198350331315498,0.33457415393638723
GOLEM,6,Logit,m,F,0.07602726896704479,0.04748824382146773,0.708246543120658,0.22369246858720207,0.42225947854733165
GOLEM,6,Logit,m,OF,0.11691352458333171,0.1344825617391051,0.849038590173337,0.17134597904068483,0.3328491094989513
GOLEM,6,Logit,mw,F,0.07561516693145319,0.04696977246146157,0.7082882891740183,0.2237834142165079,0.42041503963710153
GOLEM,6,Logit,mw,OF,0.1156154535984727,0.13344117582804724,0.8494765060424466,0.17176226087874347,0.3334241603229243
GOLEM,6,Logit,m+mw,F,0.07543213256650885,0.04733370859452653,0.7074228802993753,0.22382376024972098,0.4180543934765243
GOLEM,6,Logit,m+mw,OF,0.116381082211068,0.1366148195358097,0.8493035774090671,0.17144723289964786,0.3322807269599718
GOLEM,6,RandomForest,original,O,0.31424779427767824,0.4542154632477241,0.9112259482556265,0.0158712891856445,0.005424093281337729
GOLEM,6,RandomForest,m,F,0.058325657793742894,0.2292691369973258,0.8619924272764041,0.01932941827847722,0.00643855924785196
GOLEM,6,RandomForest,m,OF,0.31021544709821597,0.47268116754845024,0.9141903487771001,0.015619126518922185,0.005872008423962996
GOLEM,6,RandomForest,mw,F,0.06367873866841231,0.22398546126706168,0.8594278969358171,0.019352631903634003,0.00608942223043381
GOLEM,6,RandomForest,mw,OF,0.314075489442913,0.46372501586642956,0.9150089220919091,0.015674104545957586,0.005578726664190686
GOLEM,6,RandomForest,m+mw,F,0.07119212736752954,0.22874520136101406,0.859501697374401,0.019377904706458685,0.006662916743259516
GOLEM,6,RandomForest,m+mw,OF,0.3131526147497353,0.4600306840599936,0.914518668193461,0.01576813823825347,0.005545309594551841
GOLEM,6,XGBoost,original,O,0.4448072841647158,0.4926046867005952,0.9227263926424693,0.014998535010819675,0.00871156269105181
GOLEM,6,XGBoost,m,F,0.11126110331051,0.23675538646422475,0.8804480846709433,0.01941172522045276,0.00830692634840586
GOLEM,6,XGBoost,m,OF,0.482106251115895,0.5221490825359172,0.9280967591827982,0.014539338063581295,0.009202178812603571
GOLEM,6,XGBoost,mw,F,0.12446353460791151,0.24051860256279292,0.8807847787104404,0.019319063139356475,0.00871582354826642
GOLEM,6,XGBoost,mw,OF,0.4746748874458554,0.524291037860577,0.9252682244314461,0.01443868691096917,0.008810647530569846
GOLEM,6,XGBoost,m+mw,F,0.15295491208383785,0.24653941678120678,0.8776193037835183,0.019379096903145994,0.009326955271169404
GOLEM,6,XGBoost,m+mw,OF,0.47416001227541055,0.5289243557277866,0.9271414680150001,0.014435554872995854,0.00859437110882828
GOLEM,6,LightGBM,original,O,0.46713795743990616,0.44554695977400216,0.9079043799078557,0.018054409706908907,0.01475990032229794
GOLEM,6,LightGBM,m,F,0.2715952509975794,0.21671917929568857,0.8624299120456994,0.0260665715458659,0.022137341436615984
GOLEM,6,LightGBM,m,OF,0.5161528420737664,0.49060725410226536,0.9154100684209217,0.016853887407188815,0.013405944491648827
GOLEM,6,LightGBM,mw,F,0.27158691659362827,0.22233860321942767,0.860189031161787,0.026009111552160312,0.02143695504718365
GOLEM,6,LightGBM,mw,OF,0.49670721244749955,0.4888036885624728,0.9155898022061507,0.01697850269431091,0.013709530060683369
GOLEM,6,LightGBM,m+mw,F,0.2618215510064034,0.21083436896361135,0.8562682622104709,0.026531183623086145,0.022416568032550873
GOLEM,6,LightGBM,m+mw,OF,0.5035849864075684,0.4909714210167838,0.9196719496789928,0.01674794693809859,0.014103180775533103
GOLEM,7,Logit,original,O,0.116419832827323,0.13023074092708337,0.8490084611597067,0.17198350331315498,0.33457415393638723
GOLEM,7,Logit,m,F,0.07596814680328604,0.04796679032542912,0.7084584740999349,0.22365655878026386,0.42221040149471645
GOLEM,7,Logit,m,OF,0.11667271929649048,0.13475338154359282,0.8492082925350056,0.1713103464700398,0.33274754940085566
GOLEM,7,Logit,mw,F,0.07561516693145319,0.04697236596757095,0.7082983339957348,0.22377481993540874,0.4204030359717528
GOLEM,7,Logit,mw,OF,0.11608531465792715,0.13386081653546694,0.8497346473657407,0.17173368291859287,0.33343843190537203
GOLEM,7,Logit,m+mw,F,0.0757160827790356,0.04732386040857893,0.7074338806465279,0.22382430160151676,0.4180304952073529
GOLEM,7,Logit,m+mw,OF,0.11608051184158355,0.13662324642382834,0.8498372918740131,0.17128895372376932,0.33195864306709144
GOLEM,7,RandomForest,original,O,0.31424779427767824,0.4542154632477241,0.9112259482556265,0.0158712891856445,0.005424093281337729
GOLEM,7,RandomForest,m,F,0.11515761763233959,0.30337373691133396,0.872889549292163,0.018138329501541546,0.005742599489422684
GOLEM,7,RandomForest,m,OF,0.3105600107147043,0.4668595849253718,0.912784352309416,0.015600973067023122,0.005718638276041882
GOLEM,7,RandomForest,mw,F,0.10272551092318534,0.30654328835496436,0.8776270105222196,0.01809438628552658,0.005409156894044264
GOLEM,7,RandomForest,mw,OF,0.3158579237841709,0.47612187454529487,0.912127916671573,0.015502888631143527,0.005947807052919718
GOLEM,7,RandomForest,m+mw,F,0.11903514624589302,0.2993495248797712,0.8724863590734424,0.018191716687854752,0.0058775099789541594
GOLEM,7,RandomForest,m+mw,OF,0.31278349132295064,0.46420360585330417,0.9125704778951482,0.015628676562892733,0.005553138477996906
GOLEM,7,XGBoost,original,O,0.4448072841647158,0.4926046867005952,0.9227263926424693,0.014998535010819675,0.00871156269105181
GOLEM,7,XGBoost,m,F,0.22521578801957398,0.31741343180468184,0.890857065010653,0.018032255546908214,0.008774879107845227
GOLEM,7,XGBoost,m,OF,0.45875797190243406,0.522134471461427,0.9231587602493164,0.014599161583498225,0.009032611161373506
GOLEM,7,XGBoost,mw,F,0.22689772035094996,0.31523946014134674,0.8914661553611729,0.0181529652583009,0.008639700812608047
GOLEM,7,XGBoost,mw,OF,0.45958859966969773,0.5268931913719564,0.9237629418007263,0.014454293159318838,0.008488339331856883
GOLEM,7,XGBoost,m+mw,F,0.23259817278660533,0.31307686158823755,0.8887778177583776,0.01814059378032562,0.009018375070998105
GOLEM,7,XGBoost,m+mw,OF,0.4661748335596432,0.5225121759926692,0.9234191352066228,0.014570279247397271,0.00915555055671421
GOLEM,7,LightGBM,original,O,0.46713795743990616,0.44554695977400216,0.9079043799078557,0.018054409706908907,0.01475990032229794
GOLEM,7,LightGBM,m,F,0.3330140970430074,0.2782481296808042,0.873781522736339,0.02266104514954736,0.017397834860412277
GOLEM,7,LightGBM,m,OF,0.50341202167334,0.48582356608178,0.9140880476096734,0.01669356357692298,0.01361346697876566
GOLEM,7,LightGBM,mw,F,0.30649577003849154,0.2748866193905609,0.8735037245992354,0.02291116024701472,0.017890846779783993
GOLEM,7,LightGBM,mw,OF,0.5070815279003587,0.49054632263992237,0.9154212048254026,0.01680198490040157,0.014062187309330074
GOLEM,7,LightGBM,m+mw,F,0.3276333120185474,0.2752345043704021,0.8712913669631319,0.02307899920433031,0.01840246683680486
GOLEM,7,LightGBM,m+mw,OF,0.5117537775072021,0.4822678913935999,0.9151171840233463,0.016759861213682045,0.013754232568034371
GOLEM,8,Logit,original,O,0.116419832827323,0.13023074092708337,0.8490084611597067,0.17198350331315498,0.33457415393638723
GOLEM,8,Logit,m,F,0.07632001557405249,0.047521606566103755,0.7083718114108641,0.2236606213134094,0.4221690535933291
GOLEM,8,Logit,m,OF,0.11703955125306739,0.13520571410358512,0.8495212388152027,0.17131180695547238,0.33283765903169127
GOLEM,8,Logit,mw,F,0.07563463060270668,0.04720167615191524,0.7083887293606758,0.22375719813533398,0.4203630838721441
GOLEM,8,Logit,mw,OF,0.11619944170312532,0.13426248252431552,0.8496872957882035,0.17169381964839894,0.33335360978522044
GOLEM,8,Logit,m+mw,F,0.0755445793514409,0.046951514844860466,0.7075777913487047,0.22375685592475278,0.4179334262889257
GOLEM,8,Logit,m+mw,OF,0.11590498354787877,0.13774233880782452,0.8494527213176559,0.17132422703455324,0.33210590268199586
GOLEM,8,RandomForest,original,O,0.31424779427767824,0.4542154632477241,0.9112259482556265,0.0158712891856445,0.005424093281337729
GOLEM,8,RandomForest,m,F,0.18671883935925168,0.37855286598383137,0.9029691029910822,0.01702025830020302,0.00507937528057993
GOLEM,8,RandomForest,m,OF,0.3203747821764442,0.47865513517360103,0.9206214934049036,0.015467637496084385,0.005650405144913672
GOLEM,8,RandomForest,mw,F,0.1871002023078435,0.3795369786368588,0.8981910646181269,0.017018338232931047,0.0051261324799951975
GOLEM,8,RandomForest,mw,OF,0.32542437124283996,0.47355372008765606,0.9158293510093547,0.015538201563736817,0.0056544797282173055
GOLEM,8,RandomForest,m+mw,F,0.22124035753959032,0.38001170710392984,0.8925859447659835,0.01697981237682619,0.005755250674329702
GOLEM,8,RandomForest,m+mw,OF,0.31860980139797956,0.46673969106110286,0.9105601152582743,0.015561522743816924,0.005632686092489149
GOLEM,8,XGBoost,original,O,0.4448072841647158,0.4926046867005952,0.9227263926424693,0.014998535010819675,0.00871156269105181
GOLEM,8,XGBoost,m,F,0.3267952813232316,0.41916066086728876,0.9130135102138146,0.016256897857458947,0.009387972560654795
GOLEM,8,XGBoost,m,OF,0.4758230037666653,0.5242018418446202,0.9254714857765514,0.014414251482056753,0.00918292307855353
GOLEM,8,XGBoost,mw,F,0.32324059509574415,0.42333077962571897,0.9129968981571082,0.01622797873269072,0.008346735211159195
GOLEM,8,XGBoost,mw,OF,0.46501375650078547,0.5254476150476559,0.9264641258865385,0.01443931163053594,0.009040810994936093
GOLEM,8,XGBoost,m+mw,F,0.32858855481805777,0.42238218844809217,0.913127006829864,0.016280076152180474,0.009137489963200743
GOLEM,8,XGBoost,m+mw,OF,0.4647700298221061,0.525752841595903,0.9257370894532503,0.014510218631917223,0.009380561514471714
GOLEM,8,LightGBM,original,O,0.46713795743990616,0.44554695977400216,0.9079043799078557,0.018054409706908907,0.01475990032229794
GOLEM,8,LightGBM,m,F,0.4162880453281109,0.38481230067503236,0.8993452538716937,0.01931428481093987,0.014708944041568455
GOLEM,8,LightGBM,m,OF,0.5094607994728416,0.48482290556133834,0.9146849691009592,0.01680177121317524,0.014164448328112348
GOLEM,8,LightGBM,mw,F,0.41224245897034323,0.38859547226921387,0.8958139251087797,0.019090709351129047,0.014937044674335414
GOLEM,8,LightGBM,mw,OF,0.5181396544235009,0.48379415955358185,0.9134983904139219,0.016706145420858506,0.014229051967400907
GOLEM,8,LightGBM,m+mw,F,0.4225359185487461,0.39168964268321355,0.8956987377041832,0.019087452402400205,0.015110362381904788
GOLEM,8,LightGBM,m+mw,OF,0.5168539921108058,0.4898351613938998,0.9109954018284293,0.016649858694440675,0.013651380213616445
GOLEM,9,Logit,original,O,0.116419832827323,0.13023074092708337,0.8490084611597067,0.17198350331315498,0.33457415393638723
GOLEM,9,Logit,m,F,0.0786971223632658,0.0509034281930585,0.7259411517103327,0.21947073694176153,0.4159729017636411
GOLEM,9,Logit,m,OF,0.11698778911491622,0.13449493202970486,0.8498066714269328,0.170383106253087,0.33142389645018444
GOLEM,9,Logit,mw,F,0.07698084380604975,0.04839352617723992,0.715667269378195,0.22196308874066167,0.41823125238939396
GOLEM,9,Logit,mw,OF,0.11634220638655883,0.13457877322033399,0.8497341828753738,0.17150822575453656,0.333034664813823
GOLEM,9,Logit,m+mw,F,0.07875432505876637,0.05098905636165836,0.7251315155839464,0.2193940062051718,0.41179267110961704
GOLEM,9,Logit,m+mw,OF,0.11760776030771329,0.13883483025108606,0.8505292829463041,0.17020484219992044,0.3306643086916544
GOLEM,9,RandomForest,original,O,0.31424779427767824,0.4542154632477241,0.9112259482556265,0.0158712891856445,0.005424093281337729
GOLEM,9,RandomForest,m,F,0.22191307789900364,0.3785658726210979,0.9020929494979353,0.017003046067355754,0.0056904405401890495
GOLEM,9,RandomForest,m,OF,0.3261150498061579,0.4681165992070954,0.9141670042100319,0.01562713860601638,0.005453883445065107
GOLEM,9,RandomForest,mw,F,0.2174807879752522,0.3783347821797588,0.9033571344126805,0.0170177044888412,0.005900492288819444
GOLEM,9,RandomForest,mw,OF,0.3358155987981663,0.4704535765875564,0.9232440482540596,0.015554649698888498,0.005747746997872906
GOLEM,9,RandomForest,m+mw,F,0.22346253641758893,0.37912327548463065,0.8962731628113358,0.01697373466990201,0.0062284854592382245
GOLEM,9,RandomForest,m+mw,OF,0.3241982698152911,0.4605269268866766,0.9161277519455464,0.01566946815781222,0.005713223317864704
GOLEM,9,XGBoost,original,O,0.4448072841647158,0.4926046867005952,0.9227263926424693,0.014998535010819675,0.00871156269105181
GOLEM,9,XGBoost,m,F,0.3269229105491444,0.41500291293215774,0.9136211529973945,0.01646446469921165,0.009096230590902098
GOLEM,9,XGBoost,m,OF,0.4856623645582439,0.5211033817638044,0.9261116297392527,0.01447167253665708,0.009603503653944344
GOLEM,9,XGBoost,mw,F,0.3230465636282416,0.41618692063818097,0.9122232562495288,0.016470105843901586,0.009544758586472173
GOLEM,9,XGBoost,mw,OF,0.47990665694476214,0.525816454106458,0.9267065122367137,0.014506536720779692,0.009292634710525976
GOLEM,9,XGBoost,m+mw,F,0.34484872014624185,0.41974923660049496,0.9129321902857157,0.016441098296377153,0.009356447076567373
GOLEM,9,XGBoost,m+mw,OF,0.4767727845142383,0.5279269054975817,0.9249369420726984,0.014416805409378633,0.009665929699889676
GOLEM,9,LightGBM,original,O,0.46713795743990616,0.44554695977400216,0.9079043799078557,0.018054409706908907,0.01475990032229794
GOLEM,9,LightGBM,m,F,0.4097093178178371,0.3836153723816689,0.8987158514138406,0.01932647753272939,0.015035324328666552
GOLEM,9,LightGBM,m,OF,0.5157711280807256,0.49453924734650423,0.9142098438066066,0.01663763701902548,0.014356332006651196
GOLEM,9,LightGBM,mw,F,0.4167322868979852,0.38618604505908005,0.901183654576238,0.018986595071904786,0.01455374990987077
GOLEM,9,LightGBM,mw,OF,0.5117587834979929,0.4980386468400158,0.9137657152189664,0.016601014275666896,0.014018297560250446
GOLEM,9,LightGBM,m+mw,F,0.43109906996532155,0.3822521405843708,0.8914824121675619,0.01926314708706485,0.015334108205222302
GOLEM,9,LightGBM,m+mw,OF,0.5079386517567366,0.4915525302153633,0.9151485190387332,0.01674420046781834,0.014279827986800806
GOLEM,10,Logit,original,O,0.116419832827323,0.13023074092708337,0.8490084611597067,0.17198350331315498,0.33457415393638723
GOLEM,10,Logit,m,F,0.0786875925976385,0.050892698591626075,0.7259194486060501,0.21946753977138272,0.4159639371468501
GOLEM,10,Logit,m,OF,0.11712194827369593,0.13477120669492054,0.8497163591766859,0.1704395457358692,0.3316396771112808
GOLEM,10,Logit,mw,F,0.07698084380604975,0.04839224730791157,0.7156658049744488,0.22196397930795048,0.41823220600704003
GOLEM,10,Logit,mw,OF,0.11650805387591079,0.13419771691148358,0.8496517356360952,0.1714885459918109,0.333076851876912
GOLEM,10,Logit,m+mw,F,0.07878374885577072,0.05099604158415375,0.7251760254105523,0.2193739490315279,0.4117600055165326
GOLEM,10,Logit,m+mw,OF,0.11748149848962312,0.13851312075104177,0.8501533290185821,0.17021266635012097,0.33065530108500557
GOLEM,10,RandomForest,original,O,0.31424779427767824,0.4542154632477241,0.9112259482556265,0.0158712891856445,0.005424093281337729
GOLEM,10,RandomForest,m,F,0.22250815466488785,0.37569255906728555,0.9007509150395225,0.017037348454989353,0.0052548058887084
GOLEM,10,RandomForest,m,OF,0.32387132307142663,0.4615842003554165,0.9157398257801954,0.015682076429425783,0.005550696651047978
GOLEM,10,RandomForest,mw,F,0.22177941389321684,0.3747323712063686,0.8978526085219583,0.017067576090307034,0.005916842830221475
GOLEM,10,RandomForest,mw,OF,0.320364120771058,0.4670388850043484,0.9157284138119245,0.015671774827494146,0.005033728521176516
GOLEM,10,RandomForest,m+mw,F,0.2207517089116624,0.3717641143317252,0.9037861520926939,0.017046928758801923,0.006143896706569978
GOLEM,10,RandomForest,m+mw,OF,0.32269347166961776,0.4594484098635772,0.9173934430625096,0.015725868542597506,0.005996718856096728
GOLEM,10,XGBoost,original,O,0.4448072841647158,0.4926046867005952,0.9227263926424693,0.014998535010819675,0.00871156269105181
GOLEM,10,XGBoost,m,F,0.3454555196843332,0.42141413899192876,0.9152997685754798,0.01640017913524896,0.008972120509418674
GOLEM,10,XGBoost,m,OF,0.4719405717552356,0.5204697264616118,0.9247059231246281,0.014569659928814493,0.009187643047912895
GOLEM,10,XGBoost,mw,F,0.3427167910280811,0.4183732923170413,0.9131308984804084,0.016472206805731155,0.009390109601787402
GOLEM,10,XGBoost,mw,OF,0.4681643367007869,0.5239505128484301,0.9269410121891932,0.014523317064817545,0.009484443828092461
GOLEM,10,XGBoost,m+mw,F,0.34879378232106184,0.41075220429505227,0.9115879655852833,0.016555967612236162,0.009965372819001122
GOLEM,10,XGBoost,m+mw,OF,0.47070011957612257,0.5247766347737869,0.9260423671239266,0.014499105037176455,0.009362795329511307
GOLEM,10,LightGBM,original,O,0.46713795743990616,0.44554695977400216,0.9079043799078557,0.018054409706908907,0.01475990032229794
GOLEM,10,LightGBM,m,F,0.41312465349026956,0.38540761151262065,0.8988515877523261,0.019216407547671725,0.015270153261066812
GOLEM,10,LightGBM,m,OF,0.501751222661138,0.4893492850403443,0.9137751762459245,0.016597199133564156,0.013807535986593447
GOLEM,10,LightGBM,mw,F,0.41939112176176996,0.38759025836053923,0.8964334347374535,0.019000866188778096,0.015026844295597388
GOLEM,10,LightGBM,mw,OF,0.5022175365286128,0.4911644222791655,0.9127301711949667,0.016618872223796315,0.014200635228081255
GOLEM,10,LightGBM,m+mw,F,0.41896539589869397,0.37762938354658854,0.8962925998031347,0.019623420345458397,0.016222255448895287
GOLEM,10,LightGBM,m+mw,OF,0.5069907422817277,0.48829083919897115,0.9138416749412335,0.01674217902924992,0.014479256339618978
GOLEM,11,Logit,original,O,0.116419832827323,0.13023074092708337,0.8490084611597067,0.17198350331315498,0.33457415393638723
GOLEM,11,Logit,m,F,0.0786977395438689,0.05091262230889204,0.7259665688295173,0.21945270639582856,0.41597530531539845
GOLEM,11,Logit,m,OF,0.11731074068142214,0.13463448127964636,0.8496934387063269,0.17039878375457612,0.3315238089151372
GOLEM,11,Logit,mw,F,0.07698084380604975,0.04839279598887124,0.7156686653863481,0.22196348365091012,0.4182315781767126
GOLEM,11,Logit,mw,OF,0.11651422231604865,0.13466553410423038,0.8498299253415343,0.17145938534140662,0.33311493205335413
GOLEM,11,Logit,m+mw,F,0.07878156931403543,0.051007857596315834,0.725183174804845,0.21936441710718596,0.4117443618457074
GOLEM,11,Logit,m+mw,OF,0.11754949698671475,0.1380918791248018,0.8503109805673652,0.17026480321093815,0.3306402352538786
GOLEM,11,RandomForest,original,O,0.31424779427767824,0.4542154632477241,0.9112259482556265,0.0158712891856445,0.005424093281337729
GOLEM,11,RandomForest,m,F,0.2168528971872437,0.37853457081602954,0.8973020343126474,0.016989818350091536,0.005511615305689879
GOLEM,11,RandomForest,m,OF,0.32190912394490195,0.46328911025460756,0.9159132510888697,0.015730963688111416,0.005257205824057783
GOLEM,11,RandomForest,mw,F,0.22055593718387176,0.3754087043837182,0.8989159497667873,0.017059740288495568,0.005471651735750291
GOLEM,11,RandomForest,mw,OF,0.30721050107939,0.46649636676710077,0.9137654875866067,0.01565272257471867,0.005080238747728788
GOLEM,11,RandomForest,m+mw,F,0.22225775663333475,0.37953252642732643,0.8988590379865853,0.017007379936604568,0.005573865597367956
GOLEM,11,RandomForest,m+mw,OF,0.30967076588197284,0.4535236371135015,0.9122361636847195,0.015818785915207963,0.005324972598517162
GOLEM,11,XGBoost,original,O,0.4448072841647158,0.4926046867005952,0.9227263926424693,0.014998535010819675,0.00871156269105181
GOLEM,11,XGBoost,m,F,0.33753288359368905,0.4392837700640365,0.9154001378923932,0.01611437416400411,0.009180590446779862
GOLEM,11,XGBoost,m,OF,0.4675448032020209,0.5220017160500235,0.9256390257723318,0.014651920088499007,0.009533479477163475
GOLEM,11,XGBoost,mw,F,0.3396755338430073,0.435843084984866,0.9142876947655726,0.01618793162264507,0.009140800629792212
GOLEM,11,XGBoost,mw,OF,0.45883329681486335,0.5232935583441928,0.924976673307623,0.01459768566308917,0.00919738508760046
GOLEM,11,XGBoost,m+mw,F,0.3522150097874506,0.4394370019476292,0.9134839906045003,0.016151536808668578,0.009496793741378915
GOLEM,11,XGBoost,m+mw,OF,0.47140041958534457,0.5252862903900473,0.9273241092000267,0.0145745618865016,0.00933654199762261
GOLEM,11,LightGBM,original,O,0.46713795743990616,0.44554695977400216,0.9079043799078557,0.018054409706908907,0.01475990032229794
GOLEM,11,LightGBM,m,F,0.4458903201226992,0.41245592273618154,0.9046854582070301,0.0183370057834396,0.014017942810363995
GOLEM,11,LightGBM,m,OF,0.5114646264755949,0.4837660821644377,0.9117459205320536,0.016739094992290777,0.013737438042369826
GOLEM,11,LightGBM,mw,F,0.44204905117467136,0.41428086935530517,0.9033625517126875,0.018353621581998367,0.014473705656841066
GOLEM,11,LightGBM,mw,OF,0.501325744681788,0.4926600381356394,0.9161971400820923,0.01661886103194713,0.013814471151697058
GOLEM,11,LightGBM,m+mw,F,0.44771608621475156,0.4085883835620755,0.900038186777722,0.01864672011890489,0.014596856926063873
GOLEM,11,LightGBM,m+mw,OF,0.5030662555330191,0.4875447769977702,0.912832920624008,0.01652307100257496,0.013593955007615496
GOLEM,12,Logit,original,O,0.116419832827323,0.13023074092708337,0.8490084611597067,0.17198350331315498,0.33457415393638723
GOLEM,12,Logit,m,F,0.07904323770887045,0.05096423702055991,0.7262022632516943,0.2194242264416256,0.41594203846060174
GOLEM,12,Logit,m,OF,0.11690646738696142,0.13468559984020217,0.8496374716952951,0.1704181648244639,0.3315177019786284
GOLEM,12,Logit,mw,F,0.07699965448422501,0.04840187734851982,0.7156946574730242,0.22194549465228475,0.41822132901400033
GOLEM,12,Logit,mw,OF,0.11609933974790812,0.13507984158712,0.8496717307166446,0.17142617770667445,0.3329971594709102
GOLEM,12,Logit,m+mw,F,0.07887882846787128,0.050954420941706345,0.7250968061413422,0.21931363016333316,0.41162557484079104
GOLEM,12,Logit,m+mw,OF,0.11767150396260458,0.1382541952618092,0.8502718846021166,0.17018117219664466,0.3305839642667415
GOLEM,12,RandomForest,original,O,0.31424779427767824,0.4542154632477241,0.9112259482556265,0.0158712891856445,0.005424093281337729
GOLEM,12,RandomForest,m,F,0.20455923476109814,0.3765557635171344,0.9055508679623031,0.017036489389584682,0.005484803118860848
GOLEM,12,RandomForest,m,OF,0.33684540619361025,0.4634511021242794,0.9149023723881647,0.015674106103801443,0.005681601725308653
GOLEM,12,RandomForest,mw,F,0.21649764626507678,0.3815572837382602,0.9065986025467752,0.01702031969777399,0.005878952659991521
GOLEM,12,RandomForest,mw,OF,0.33337975457741625,0.4646040891665476,0.9141613305418705,0.015652372431677615,0.005792062214027309
GOLEM,12,RandomForest,m+mw,F,0.2377772629866007,0.3773704840139739,0.9027322303489271,0.017017267709126614,0.0061840860691048825
GOLEM,12,RandomForest,m+mw,OF,0.33007577746817784,0.45739801547024117,0.915305302737179,0.01576535077141505,0.005748622266573131
GOLEM,12,XGBoost,original,O,0.4448072841647158,0.4926046867005952,0.9227263926424693,0.014998535010819675,0.00871156269105181
GOLEM,12,XGBoost,m,F,0.3425416412269295,0.4448923806359467,0.9170701097729562,0.016033009681352954,0.009174849847134002
GOLEM,12,XGBoost,m,OF,0.46617223343402275,0.5298784035741376,0.9252975656586792,0.014534287668817123,0.009767584504706687
GOLEM,12,XGBoost,mw,F,0.3538763362375591,0.44580242340498544,0.9146909906389205,0.01599170993590737,0.009229010893707132
GOLEM,12,XGBoost,mw,OF,0.4531455100882281,0.5285247738364344,0.9266280565575448,0.014545028655228203,0.009624976882942416
GOLEM,12,XGBoost,m+mw,F,0.3531785222102479,0.4445108995656447,0.9133087767783215,0.016064787831200543,0.009733807500925425
GOLEM,12,XGBoost,m+mw,OF,0.46844023043438876,0.528092683221913,0.9252328760498745,0.014505092566587104,0.009604143880774872
GOLEM,12,LightGBM,original,O,0.46713795743990616,0.44554695977400216,0.9079043799078557,0.018054409706908907,0.01475990032229794
GOLEM,12,LightGBM,m,F,0.43771215537177915,0.4165629562518093,0.9017642556041696,0.018461661556366925,0.01495757255898757
GOLEM,12,LightGBM,m,OF,0.5093479085023992,0.49704235891976734,0.9148206163700152,0.01659329152648208,0.01388644922921652
GOLEM,12,LightGBM,mw,F,0.4402890562476133,0.41540752188865265,0.9043769989461291,0.018413146422772354,0.014207925029510468
GOLEM,12,LightGBM,mw,OF,0.5214393482674617,0.4991454923485904,0.9138611197119303,0.016382563336849766,0.013835275740255698
GOLEM,12,LightGBM,m+mw,F,0.4454054667527769,0.4186287011570993,0.9013527482758356,0.018286983162654723,0.014644264400375404
GOLEM,12,LightGBM,m+mw,OF,0.4999652398258,0.48459336690165883,0.914987716008883,0.01678786674293902,0.013855034794799645
GOLEM,13,Logit,original,O,0.116419832827323,0.13023074092708337,0.8490084611597067,0.17198350331315498,0.33457415393638723
GOLEM,13,Logit,m,F,0.08018072004756843,0.05310177676775459,0.7330260214913296,0.21775768240514096,0.4138711861167817
GOLEM,13,Logit,m,OF,0.11751875556409323,0.13508728121660965,0.8501087410675188,0.17025405337698832,0.33132455642244174
GOLEM,13,Logit,mw,F,0.07703943794726545,0.04851902933110059,0.7163536495167253,0.22177039722346245,0.4180407228013883
GOLEM,13,Logit,mw,OF,0.11603329260135031,0.13518435475878296,0.8495258205651215,0.1714997588761646,0.333203445967761
GOLEM,13,Logit,m+mw,F,0.08039545871715201,0.05246090966154775,0.7314786951123897,0.21768899369290717,0.40994517644652956
GOLEM,13,Logit,m+mw,OF,0.11729912884015185,0.13890491226817447,0.8506115915282996,0.1700703494175541,0.3303076208162043
GOLEM,13,RandomForest,original,O,0.31424779427767824,0.4542154632477241,0.9112259482556265,0.0158712891856445,0.005424093281337729
GOLEM,13,RandomForest,m,F,0.22693232948717287,0.4070865054452832,0.9100801681794379,0.016637949341137364,0.006032162666331534
GOLEM,13,RandomForest,m,OF,0.3361816330460171,0.47390777620530394,0.9172606802549378,0.015531334777733802,0.006038154337406198
GOLEM,13,RandomForest,mw,F,0.23245627931270602,0.40640431251666886,0.9035577436568056,0.016640182362300124,0.005354545723117785
GOLEM,13,RandomForest,mw,OF,0.33771687450493265,0.4637157118429542,0.9202371169750331,0.01564559250919583,0.004996061642550861
GOLEM,13,RandomForest,m+mw,F,0.258537092604541,0.4132843438761701,0.9115486492004534,0.016498850399353556,0.0060190332450483506
GOLEM,13,RandomForest,m+mw,OF,0.33031156711371124,0.46194280050395936,0.9176829755728011,0.01569840916670262,0.00522293998059231
GOLEM,13,XGBoost,original,O,0.4448072841647158,0.4926046867005952,0.9227263926424693,0.014998535010819675,0.00871156269105181
GOLEM,13,XGBoost,m,F,0.3757564869220499,0.46701705271403987,0.918922397215136,0.015687429502896262,0.00954976789366413
GOLEM,13,XGBoost,m,OF,0.46642639273723263,0.5243718172780938,0.9273152252372979,0.014477390327179271,0.009712831075789503
GOLEM,13,XGBoost,mw,F,0.36628055584051056,0.4671315217181761,0.9204470747561235,0.015726137657758824,0.009964482216487646
GOLEM,13,XGBoost,mw,OF,0.47792753228096885,0.5295378140165898,0.9267522889543474,0.014416473990592454,0.009196288871171385
GOLEM,13,XGBoost,m+mw,F,0.34692824876640893,0.4598699722236934,0.9210341278452272,0.01592190122420889,0.010066614130735844
GOLEM,13,XGBoost,m+mw,OF,0.4782496484657008,0.5291832320085824,0.9265747097351411,0.01442148439672956,0.009564673353094699
GOLEM,13,LightGBM,original,O,0.46713795743990616,0.44554695977400216,0.9079043799078557,0.018054409706908907,0.01475990032229794
GOLEM,13,LightGBM,m,F,0.4515973544720239,0.43130814997826905,0.9069191866563795,0.018131577924573206,0.014676886519640798
GOLEM,13,LightGBM,m,OF,0.5109395418923466,0.4920582219150111,0.9145805985999089,0.016453925960059484,0.013420363947078837
GOLEM,13,LightGBM,mw,F,0.44411363372076096,0.4315033423350654,0.906437248578051,0.01809717592247821,0.014743552917365127
GOLEM,13,LightGBM,mw,OF,0.5085644429945052,0.4969072462012497,0.9161723338055859,0.016494553222304566,0.01387253626282892
GOLEM,13,LightGBM,m+mw,F,0.4392560918158413,0.41785239363437715,0.9039921690442501,0.01845894017455115,0.014992728730904736
GOLEM,13,LightGBM,m+mw,OF,0.5196244471312965,0.495349606792168,0.9151539945861218,0.016449000952617976,0.014036655630602102
GOLEM,14,Logit,original,O,0.116419832827323,0.13023074092708337,0.8490084611597067,0.17198350331315498,0.33457415393638723
GOLEM,14,Logit,m,F,0.08775555118421138,0.06552141355788503,0.7668235209937316,0.20826072053798916,0.40274989972785546
GOLEM,14,Logit,m,OF,0.11833418448752937,0.13838998931902122,0.8507238964633128,0.16973990425132937,0.3302270325466261
GOLEM,14,Logit,mw,F,0.07850331111736106,0.04926560340552993,0.7231514561157604,0.22003227218861668,0.416295720414747
GOLEM,14,Logit,mw,OF,0.11616631920691733,0.1361585465909027,0.849914766258836,0.1713666899229736,0.333076102171075
GOLEM,14,Logit,m+mw,F,0.08802923518646104,0.0626190693312022,0.7642110391569341,0.20804631455034742,0.3982049918985939
GOLEM,14,Logit,m+mw,OF,0.11761332003589502,0.1410795470992509,0.8512490974801,0.16953812483161443,0.32939088917200865
GOLEM,14,RandomForest,original,O,0.31424779427767824,0.4542154632477241,0.9112259482556265,0.0158712891856445,0.005424093281337729
GOLEM,14,RandomForest,m,F,0.3323577688761853,0.4605873610592085,0.9147708850263119,0.015708652300544405,0.00595594465244353
GOLEM,14,RandomForest,m,OF,0.3611425163687896,0.4862334841860208,0.9106144414984436,0.015294184914717767,0.006152615864661372
GOLEM,14,RandomForest,mw,F,0.33112569708845,0.45998340501474366,0.9126898509024712,0.0157186591124233,0.00565021358463291
GOLEM,14,RandomForest,mw,OF,0.3639289590491388,0.48674913504808626,0.9111662041912651,0.01531421724276213,0.005822012831959664
GOLEM,14,RandomForest,m+mw,F,0.34800189765839046,0.4592909300583184,0.9101443975332867,0.01567869820623453,0.005478663342224356
GOLEM,14,RandomForest,m+mw,OF,0.36766849893506465,0.4823915803133333,0.9144046293609677,0.015291229922708436,0.005750390389066667
GOLEM,14,XGBoost,original,O,0.4448072841647158,0.4926046867005952,0.9227263926424693,0.014998535010819675,0.00871156269105181
GOLEM,14,XGBoost,m,F,0.4273257945925823,0.49191798767563155,0.9237063534633263,0.015158208777929236,0.009072343566452784
GOLEM,14,XGBoost,m,OF,0.48311126528249354,0.5345112335486032,0.9289800610323524,0.014353644058764908,0.00960793756568476
GOLEM,14,XGBoost,mw,F,0.4298757972179713,0.48680869963801604,0.9237954019886201,0.015109294980592686,0.008759088466321507
GOLEM,14,XGBoost,mw,OF,0.479560033726088,0.5378426887884667,0.9296786828078923,0.014338989414867321,0.009268420731633292
GOLEM,14,XGBoost,m+mw,F,0.44086803657708035,0.49918472235698896,0.9241774038941692,0.015036477140768006,0.009329506511848365
GOLEM,14,XGBoost,m+mw,OF,0.4739403097728415,0.5321751449098981,0.9272808830802873,0.014493536356388545,0.009549161210111661
GOLEM,14,LightGBM,original,O,0.46713795743990616,0.44554695977400216,0.9079043799078557,0.018054409706908907,0.01475990032229794
GOLEM,14,LightGBM,m,F,0.4744408432199799,0.4515977746716476,0.9113278684667281,0.017712020076076446,0.014989029567934783
GOLEM,14,LightGBM,m,OF,0.5097841541102184,0.4994638911676749,0.9173894040741868,0.01640820978967396,0.013724566557082794
GOLEM,14,LightGBM,mw,F,0.46682827767304086,0.4609562412181809,0.9108929650859242,0.01764514526720666,0.014538926410438302
GOLEM,14,LightGBM,mw,OF,0.5151606626443709,0.49801872909451933,0.916675571303232,0.016560870041068935,0.013939599197758928
GOLEM,14,LightGBM,m+mw,F,0.45628147342060965,0.45651686063187064,0.9082395819924693,0.017914900684890944,0.015535744062594104
GOLEM,14,LightGBM,m+mw,OF,0.5138588519813269,0.5013099064057769,0.9154227210395446,0.016465371197114158,0.01398727622443267
GOLEM,15,Logit,original,O,0.116419832827323,0.13023074092708337,0.8490084611597067,0.17198350331315498,0.33457415393638723
GOLEM,15,Logit,m,F,0.08784975913897947,0.06670173362223816,0.7670433404045401,0.20824479108085212,0.40271341037809333
GOLEM,15,Logit,m,OF,0.11837111232581718,0.1349773286181712,0.850322056313216,0.1698197146202411,0.33027145736142616
GOLEM,15,Logit,mw,F,0.07850331111736106,0.04926569607150873,0.7231557817491338,0.22003195776276505,0.41629564220451937
GOLEM,15,Logit,mw,OF,0.1162460288987766,0.1368181764475517,0.8500069876309567,0.17131550672727658,0.33298410629156805
GOLEM,15,Logit,m+mw,F,0.08807627305656993,0.06265326591016719,0.7642383392307025,0.20802377857911886,0.3981943173250558
GOLEM,15,Logit,m+mw,OF,0.11763778487469134,0.1405655812471705,0.8512349834350988,0.16957062386074012,0.3294918864714772
GOLEM,15,RandomForest,original,O,0.31424779427767824,0.4542154632477241,0.9112259482556265,0.0158712891856445,0.005424093281337729
GOLEM,15,RandomForest,m,F,0.2877176384678969,0.45559067541138526,0.9113349540153489,0.015786421494126422,0.006035153773432722
GOLEM,15,RandomForest,m,OF,0.3683933819141692,0.4873709923330603,0.9164853463217362,0.015309996442731056,0.005999315353708907
GOLEM,15,RandomForest,mw,F,0.3163671396854453,0.45926175689614235,0.9177797331222404,0.015757966904737564,0.005763408985185381
GOLEM,15,RandomForest,mw,OF,0.3697501106278492,0.487384960584308,0.9185141472426537,0.015300911809546722,0.005328758942606007
GOLEM,15,RandomForest,m+mw,F,0.33875734531329404,0.46186110304361094,0.9065923503781189,0.015634174967612165,0.0057889321456127
GOLEM,15,RandomForest,m+mw,OF,0.36504442745872484,0.48423788939948376,0.9202449832859789,0.015322209748464394,0.00546644334379998
GOLEM,15,XGBoost,original,O,0.4448072841647158,0.4926046867005952,0.9227263926424693,0.014998535010819675,0.00871156269105181
GOLEM,15,XGBoost,m,F,0.42961920348622795,0.48661528346537314,0.9238693858079087,0.015265696260969536,0.009304161063011053
GOLEM,15,XGBoost,m,OF,0.48525806617094097,0.546567061338322,0.9303507586853513,0.014171316605471568,0.009172744252270808
GOLEM,15,XGBoost,mw,F,0.42958043512195426,0.4864884464068007,0.9241016190398502,0.01524824201505005,0.009284925502359754
GOLEM,15,XGBoost,mw,OF,0.47930063901006764,0.5456230900028192,0.9290606877579052,0.014206059627713399,0.009638766657537365
GOLEM,15,XGBoost,m+mw,F,0.43012979416130104,0.4922015493155067,0.9244550848655539,0.015163804907364497,0.009493007602868257
GOLEM,15,XGBoost,m+mw,OF,0.48295942804845077,0.5378452650647884,0.9303992792781866,0.014278374486018685,0.009433058350611118
GOLEM,15,LightGBM,original,O,0.46713795743990616,0.44554695977400216,0.9079043799078557,0.018054409706908907,0.01475990032229794
GOLEM,15,LightGBM,m,F,0.4596197186796601,0.4538441905587812,0.9115501236580583,0.017760533519279916,0.014447474622826076
GOLEM,15,LightGBM,m,OF,0.5081077858885736,0.5019474202002506,0.9191528664404405,0.016554874587870732,0.013706141217171156
GOLEM,15,LightGBM,mw,F,0.46756555365640917,0.453647650790623,0.9133088042246218,0.017757567523983078,0.014462358489438536
GOLEM,15,LightGBM,mw,OF,0.5136792099114064,0.5041363107346511,0.9212688851932624,0.01652995593378573,0.013921280322762391
GOLEM,15,LightGBM,m+mw,F,0.4692558983963676,0.45807802462439867,0.9069081548371896,0.017908817935711325,0.014747236148428895
GOLEM,15,LightGBM,m+mw,OF,0.5109790481440359,0.5028526951145096,0.916627429129669,0.01644535921581284,0.013808334321541715
GOLEM,16,Logit,original,O,0.116419832827323,0.13023074092708337,0.8490084611597067,0.17198350331315498,0.33457415393638723
GOLEM,16,Logit,m,F,0.0874877714531215,0.07081882232380461,0.7760936329967784,0.2061832722251172,0.398140010578304
GOLEM,16,Logit,m,OF,0.11856683959743561,0.13537252367492308,0.8504709054623781,0.16969434784351073,0.33020112811537367
GOLEM,16,Logit,mw,F,0.07850045872650016,0.04947394816143003,0.724070141760791,0.2197834740244517,0.4159071508739397
GOLEM,16,Logit,mw,OF,0.11617510296481445,0.1353932530026777,0.8498062072510768,0.1713780582868885,0.3329198744858481
GOLEM,16,Logit,m+mw,F,0.08835827712619268,0.06784610257357734,0.772722799651284,0.20612406061529004,0.39451054214275927
GOLEM,16,Logit,m+mw,OF,0.11813787046143084,0.14143484861900202,0.8513467836433437,0.16957458343042114,0.3294236185750967
GOLEM,16,RandomForest,original,O,0.31424779427767824,0.4542154632477241,0.9112259482556265,0.0158712891856445,0.005424093281337729
GOLEM,16,RandomForest,m,F,0.3204445633952278,0.45542852024179775,0.9152941148682643,0.0157669462434646,0.005934610339346965
GOLEM,16,RandomForest,m,OF,0.37092098822412706,0.4832040352581467,0.9165370398976865,0.015344980197035887,0.005678070482303614
GOLEM,16,RandomForest,mw,F,0.322720276079854,0.452325648325445,0.913675026111517,0.0157911142473799,0.005947957815784504
GOLEM,16,RandomForest,mw,OF,0.3660887994424041,0.47990138910086727,0.914233091839858,0.015379115200570104,0.005975111544199388
GOLEM,16,RandomForest,m+mw,F,0.33767282685870886,0.4593716801732556,0.9102054345720962,0.015690939172928523,0.0057919211425027164
GOLEM,16,RandomForest,m+mw,OF,0.3589596126972253,0.4807856590686881,0.918031669893798,0.015384636758018488,0.005453477346648609
GOLEM,16,XGBoost,original,O,0.4448072841647158,0.4926046867005952,0.9227263926424693,0.014998535010819675,0.00871156269105181
GOLEM,16,XGBoost,m,F,0.43692425869960944,0.4859827418847275,0.9253348101623489,0.015266299410110753,0.009361586434874287
GOLEM,16,XGBoost,m,OF,0.479058318706347,0.5354578844636999,0.927736531146439,0.014364305162538404,0.00923698758525131
GOLEM,16,XGBoost,mw,F,0.4175005678689064,0.48818153435964096,0.9237244226271308,0.015292139628435212,0.009584548123778534
GOLEM,16,XGBoost,mw,OF,0.4767057538906041,0.5340817304705985,0.9275080332532246,0.0143809683926895,0.009545147114753695
GOLEM,16,XGBoost,m+mw,F,0.4247294476610698,0.4862637387231926,0.9227981438341797,0.015259369125762371,0.009731289331425249
GOLEM,16,XGBoost,m+mw,OF,0.490943198723418,0.5294510909528894,0.928092482267132,0.01445946468125581,0.009664583516687652
GOLEM,16,LightGBM,original,O,0.46713795743990616,0.44554695977400216,0.9079043799078557,0.018054409706908907,0.01475990032229794
GOLEM,16,LightGBM,m,F,0.4720906039697391,0.4536222147855561,0.9100070679150543,0.017815389218272665,0.014806444878114463
GOLEM,16,LightGBM,m,OF,0.5062035094435398,0.5001174510972544,0.9229679491876179,0.016585394366396437,0.013842729253875552
GOLEM,16,LightGBM,mw,F,0.4548346823176327,0.4556287818466962,0.9111574470287664,0.017854591703858513,0.014847209170106174
GOLEM,16,LightGBM,mw,OF,0.5227962564950936,0.5078114643526085,0.9219623311291418,0.016463021564728175,0.014092910700147959
GOLEM,16,LightGBM,m+mw,F,0.47085248869290436,0.4664802924904386,0.9101957616278294,0.017563457111854922,0.014804254290732847
GOLEM,16,LightGBM,m+mw,OF,0.5107324420482315,0.5121071052786758,0.9205860606191442,0.01635634497362105,0.013942105232623205
GOLEM,17,Logit,original,O,0.116419832827323,0.13023074092708337,0.8490084611597067,0.17198350331315498,0.33457415393638723
GOLEM,17,Logit,m,F,0.08929376041117316,0.07745274944294957,0.7835133185803492,0.20431921338047793,0.391859932542971
GOLEM,17,Logit,m,OF,0.11873528933387878,0.13665259544107544,0.8504453323668546,0.16970627360074014,0.3303404341605359
GOLEM,17,Logit,mw,F,0.07891069900806083,0.049853126683134144,0.7257370567022028,0.21935377471315815,0.4152177478269864
GOLEM,17,Logit,mw,OF,0.11609222407250615,0.13388200129716604,0.8490743631653188,0.17157631574258053,0.33322982444115545
GOLEM,17,Logit,m+mw,F,0.08913304040345257,0.0730362849289504,0.7798390519387832,0.20428277903566766,0.38943096848018693
GOLEM,17,Logit,m+mw,OF,0.1188475826547356,0.13914137858245906,0.8508856315770688,0.1695629586094648,0.32946536658254644
GOLEM,17,RandomForest,original,O,0.31424779427767824,0.4542154632477241,0.9112259482556265,0.0158712891856445,0.005424093281337729
GOLEM,17,RandomForest,m,F,0.3130669267648106,0.45428398930746533,0.9168734414317508,0.015810292042284256,0.005501000240095139
GOLEM,17,RandomForest,m,OF,0.3405093585449194,0.4815816040193048,0.9151684811271105,0.015401814344715345,0.005711936323518194
GOLEM,17,RandomForest,mw,F,0.31587632954069267,0.4546087857238793,0.9132552874091857,0.015810082024103615,0.005815601228861937
GOLEM,17,RandomForest,mw,OF,0.3491730776249041,0.47957484263668737,0.9175876229007167,0.015415354626458235,0.005122945435878967
GOLEM,17,RandomForest,m+mw,F,0.32472049363832906,0.4552971300173225,0.911473276134992,0.015736264016686922,0.005365964622856808
GOLEM,17,RandomForest,m+mw,OF,0.35617348332767984,0.4737971988558457,0.9109774747920095,0.015448591317200066,0.005670951958463541
GOLEM,17,XGBoost,original,O,0.4448072841647158,0.4926046867005952,0.9227263926424693,0.014998535010819675,0.00871156269105181
GOLEM,17,XGBoost,m,F,0.4146685743254429,0.4908364496043166,0.9260893097536862,0.015208160321165906,0.009277484407526388
GOLEM,17,XGBoost,m,OF,0.47994134503789565,0.537226418800293,0.9274154856706076,0.014294681644497884,0.00923043320797413
GOLEM,17,XGBoost,mw,F,0.4258241903783209,0.49017825600782966,0.9246307468275432,0.01518868448243935,0.009745546424626828
GOLEM,17,XGBoost,mw,OF,0.4733040041130893,0.5394937371374,0.9279605771616858,0.01431248042307553,0.00927649511383051
GOLEM,17,XGBoost,m+mw,F,0.42723284552591706,0.4890101663061487,0.9244585931904593,0.015218293735555393,0.009206803240414665
GOLEM,17,XGBoost,m+mw,OF,0.47278012353591026,0.539544367462928,0.9285898998386587,0.014308269035877166,0.009763126646926464
GOLEM,17,LightGBM,original,O,0.46713795743990616,0.44554695977400216,0.9079043799078557,0.018054409706908907,0.01475990032229794
GOLEM,17,LightGBM,m,F,0.47246408554211233,0.4548869895514457,0.9082613781919188,0.01774917971760407,0.014448687191649509
GOLEM,17,LightGBM,m,OF,0.5103337526602179,0.505163903958133,0.9174573659990687,0.01639200360547697,0.013812102885771792
GOLEM,17,LightGBM,mw,F,0.46549663774688516,0.45615600997763484,0.9065796954006661,0.017912773840189068,0.014701985111577368
GOLEM,17,LightGBM,mw,OF,0.5210349172364098,0.5066722925758677,0.9205884777596653,0.016397401437830125,0.01408040744063788
GOLEM,17,LightGBM,m+mw,F,0.45829510696240583,0.46258106194681725,0.9082649272774106,0.01776546549651259,0.014376597191092346
GOLEM,17,LightGBM,m+mw,OF,0.5219672450521013,0.5110020273970072,0.9170669895961874,0.016211405370603477,0.01331868362409167
GOLEM,18,Logit,original,O,0.116419832827323,0.13023074092708337,0.8490084611597067,0.17198350331315498,0.33457415393638723
GOLEM,18,Logit,m,F,0.08934548026598621,0.07723526300034896,0.7830341396624426,0.204347798449583,0.3917439897343924
GOLEM,18,Logit,m,OF,0.11891058039181035,0.13524470137885433,0.8506759343156736,0.16958665992933736,0.330221807120647
GOLEM,18,Logit,mw,F,0.07891065868672305,0.04985541217989693,0.7257500002222541,0.21934720070190455,0.41520877417375723
GOLEM,18,Logit,mw,OF,0.11605651294862393,0.1354131396376332,0.8496376899866872,0.17142522723523865,0.3330265765651147
GOLEM,18,Logit,m+mw,F,0.08917120004639781,0.07319065346328255,0.7797339109074893,0.20427033979174883,0.3894161270675437
GOLEM,18,Logit,m+mw,OF,0.11803481953210151,0.14023311305912295,0.8510052035753107,0.16944651083501944,0.3292092230742214
GOLEM,18,RandomForest,original,O,0.31424779427767824,0.4542154632477241,0.9112259482556265,0.0158712891856445,0.005424093281337729
GOLEM,18,RandomForest,m,F,0.31712627691323897,0.4594188662305031,0.9173508762305798,0.015699505370995445,0.005283825200110543
GOLEM,18,RandomForest,m,OF,0.36771512318929556,0.4789678834967174,0.9118048876291855,0.015379780732841953,0.005348868942443442
GOLEM,18,RandomForest,mw,F,0.31618178422254567,0.4572749180059777,0.9071236818793731,0.015760646492305387,0.005655096847750922
GOLEM,18,RandomForest,mw,OF,0.36119026478515937,0.4803983338812481,0.9130922088524983,0.015386682556361395,0.00529307433382978
GOLEM,18,RandomForest,m+mw,F,0.3435535410752243,0.4620249985653329,0.9098782710349704,0.01563294364493493,0.00527049749713324
GOLEM,18,RandomForest,m+mw,OF,0.3666931576779448,0.4818955666790508,0.9176679976507811,0.015320722649044997,0.00569803683146947
GOLEM,18,XGBoost,original,O,0.4448072841647158,0.4926046867005952,0.9227263926424693,0.014998535010819675,0.00871156269105181
GOLEM,18,XGBoost,m,F,0.4343938515380793,0.4995994444747426,0.9260536742867493,0.015106717608295798,0.010019592251745035
GOLEM,18,XGBoost,m,OF,0.48555715195151883,0.5394962930354256,0.9297266311380288,0.0143267279976204,0.009888801912040435
GOLEM,18,XGBoost,mw,F,0.4311398446569724,0.4963384304533821,0.9256084580162771,0.015134581129501907,0.009796769632715682
GOLEM,18,XGBoost,mw,OF,0.4776054032410024,0.5379034302018766,0.9278747307536814,0.014420867159040923,0.009836590451113666
GOLEM,18,XGBoost,m+mw,F,0.43268278127432014,0.4995019276107289,0.9256116061635307,0.015042665710425415,0.009264640264057272
GOLEM,18,XGBoost,m+mw,OF,0.47512947924118976,0.5394346718712659,0.9301086129148928,0.014351428905962017,0.009129749886945164
GOLEM,18,LightGBM,original,O,0.46713795743990616,0.44554695977400216,0.9079043799078557,0.018054409706908907,0.01475990032229794
GOLEM,18,LightGBM,m,F,0.4624290636621306,0.461482310643974,0.9101543729215246,0.017538782637862148,0.014997662293187367
GOLEM,18,LightGBM,m,OF,0.5166972318292137,0.5058357851018526,0.9191515522470036,0.01642240926005202,0.013827416038391282
GOLEM,18,LightGBM,mw,F,0.4740728598294052,0.4608342121043922,0.9093676152678354,0.017523149667980763,0.014857606740291629
GOLEM,18,LightGBM,mw,OF,0.5184101491776583,0.5153832453781731,0.9199137731598549,0.016363652604007985,0.014411008475115011
GOLEM,18,LightGBM,m+mw,F,0.47794166438619073,0.4646760555278666,0.909103348240637,0.017570680992566513,0.01524245510056058
GOLEM,18,LightGBM,m+mw,OF,0.5129299783387328,0.5088643831733867,0.914534374333552,0.016263911033935725,0.01381100457720454
GOLEM,19,Logit,original,O,0.116419832827323,0.13023074092708337,0.8490084611597067,0.17198350331315498,0.33457415393638723
GOLEM,19,Logit,m,F,0.09024284406080758,0.07794547165705137,0.785630677630996,0.20375787900052447,0.39106341662067506
GOLEM,19,Logit,m,OF,0.11873586726127867,0.13764226979681943,0.8509937279605578,0.16930461047702078,0.3296843518673833
GOLEM,19,Logit,mw,F,0.07892080563295345,0.04985541949384674,0.725755683577345,0.21934760752491975,0.4152107857260175
GOLEM,19,Logit,mw,OF,0.11624190262608022,0.13653057274080888,0.849843723282316,0.17134862497673656,0.33303015652486256
GOLEM,19,Logit,m+mw,F,0.09007363281732544,0.0741502502174771,0.7822651831465407,0.2037257295711068,0.388716491793011
GOLEM,19,Logit,m+mw,OF,0.11865793964669676,0.14091914567176334,0.8517048998452003,0.1690494640751829,0.3287009064968059
GOLEM,19,RandomForest,original,O,0.31424779427767824,0.4542154632477241,0.9112259482556265,0.0158712891856445,0.005424093281337729
GOLEM,19,RandomForest,m,F,0.31798547632875873,0.45422809564007327,0.9141595021863443,0.015792727807260817,0.0056372405534443025
GOLEM,19,RandomForest,m,OF,0.3516365946980472,0.4819755309004517,0.9202455758555855,0.01539258570407743,0.005717680865417921
GOLEM,19,RandomForest,mw,F,0.31369605146790536,0.4491178479468151,0.9074716870550115,0.0158407742792691,0.005084696607905882
GOLEM,19,RandomForest,mw,OF,0.3415145701797379,0.4811040666655475,0.916856689396816,0.015422060667906846,0.00558317444224774
GOLEM,19,RandomForest,m+mw,F,0.3505928687585493,0.4562000237044169,0.9094435624725767,0.01570100748515349,0.0056541040324728665
GOLEM,19,RandomForest,m+mw,OF,0.36900261180949573,0.47781312166101186,0.9142551334520054,0.015415664291545839,0.005590029189691416
GOLEM,19,XGBoost,original,O,0.4448072841647158,0.4926046867005952,0.9227263926424693,0.014998535010819675,0.00871156269105181
GOLEM,19,XGBoost,m,F,0.4389018627904167,0.49930254991401923,0.9238954804460395,0.015030992287698016,0.009591681683570148
GOLEM,19,XGBoost,m,OF,0.48385947809078783,0.5334771410403263,0.9288781626063589,0.014419846149205853,0.009621596698845823
GOLEM,19,XGBoost,mw,F,0.42256599928690736,0.4963563071636335,0.9224374922986813,0.015065185852978483,0.009534075439416683
GOLEM,19,XGBoost,mw,OF,0.4716374471112685,0.531151953275673,0.9297256032122295,0.01443070705069328,0.009890804223091864
GOLEM,19,XGBoost,m+mw,F,0.4229458295041124,0.4964744612004903,0.9237540062582431,0.015124905466179487,0.009870229042959996
GOLEM,19,XGBoost,m+mw,OF,0.4786720060455673,0.5387444076121074,0.9284640396393181,0.014282526723633029,0.009283345810453135
GOLEM,19,LightGBM,original,O,0.46713795743990616,0.44554695977400216,0.9079043799078557,0.018054409706908907,0.01475990032229794
GOLEM,19,LightGBM,m,F,0.47428761169094197,0.4645866830382287,0.9110483986842951,0.017452374634342606,0.014809497104450984
GOLEM,19,LightGBM,m,OF,0.513655341743577,0.5053006425615454,0.918449237172333,0.016573347946625648,0.014074369824671407
GOLEM,19,LightGBM,mw,F,0.484840335155147,0.4682732467597618,0.9116614768417637,0.01730697418892799,0.014916074249699665
GOLEM,19,LightGBM,mw,OF,0.5172160889091063,0.5076452606299993,0.9151449655081569,0.01638949180596419,0.014180422444312534
GOLEM,19,LightGBM,m+mw,F,0.47908166463453233,0.469546135727591,0.9077226057239873,0.01748792743410014,0.0147508511451982
GOLEM,19,LightGBM,m+mw,OF,0.5144506183560992,0.5068217522768996,0.9167303236739466,0.016460787337620263,0.014003525669450548
GOLEM,20,Logit,original,O,0.116419832827323,0.13023074092708337,0.8490084611597067,0.17198350331315498,0.33457415393638723
GOLEM,20,Logit,m,F,0.09026600131339116,0.07797290303135937,0.7857115493184478,0.20373999698785888,0.3910471523912106
GOLEM,20,Logit,m,OF,0.11889419862756419,0.13726964210800233,0.8509899637707159,0.16931701073930813,0.3297429414757286
GOLEM,20,Logit,mw,F,0.07892080563295345,0.049855368296934974,0.725755683577345,0.21934704925330734,0.4152101267949203
GOLEM,20,Logit,mw,OF,0.11603437033844952,0.1360597630479812,0.849764031932548,0.17140847190797756,0.3330618446159731
GOLEM,20,Logit,m+mw,F,0.08980867555882126,0.07412828342425873,0.7823257119046106,0.20366247658901854,0.38863718501056577
GOLEM,20,Logit,m+mw,OF,0.11851217763473983,0.14144807661222242,0.8517017523898703,0.16914770358494646,0.32897602248150964
GOLEM,20,RandomForest,original,O,0.31424779427767824,0.4542154632477241,0.9112259482556265,0.0158712891856445,0.005424093281337729
GOLEM,20,RandomForest,m,F,0.31551693916104406,0.45539039656611946,0.907512860520678,0.015781138478856625,0.005683227603938061
GOLEM,20,RandomForest,m,OF,0.35557778126079737,0.4792566604540019,0.9163107716232313,0.015425372183219785,0.006085015640572578
GOLEM,20,RandomForest,mw,F,0.3192520144950794,0.4512210638227085,0.908691645108426,0.01583687599687939,0.006081318003508891
GOLEM,20,RandomForest,mw,OF,0.3508253348896623,0.4780230096500951,0.9151977886702477,0.015453734043481918,0.005267104980973712
GOLEM,20,RandomForest,m+mw,F,0.33655090238202906,0.4565668857699783,0.9061887627541637,0.015701285035757916,0.005735183660275384
GOLEM,20,RandomForest,m+mw,OF,0.3661579534582574,0.4769657815539318,0.9151764917460483,0.015395173244429355,0.0054391813693676115
GOLEM,20,XGBoost,original,O,0.4448072841647158,0.4926046867005952,0.9227263926424693,0.014998535010819675,0.00871156269105181
GOLEM,20,XGBoost,m,F,0.42880950603791135,0.49651063965822606,0.9251840433995243,0.015062166617981326,0.0091340788027489
GOLEM,20,XGBoost,m,OF,0.4823060785159809,0.53118963186179,0.9278898933144486,0.01437654995351165,0.00955254679558794
GOLEM,20,XGBoost,mw,F,0.4243983085412662,0.4951326275638023,0.9248386385668887,0.015160267912244748,0.009819829532452948
GOLEM,20,XGBoost,mw,OF,0.48616436682612774,0.5351658404287889,0.9290730819326033,0.014278818667846516,0.00942068710419567
GOLEM,20,XGBoost,m+mw,F,0.4353381128070115,0.49924604327749245,0.9243365936518757,0.01501806377566332,0.009756045917202891
GOLEM,20,XGBoost,m+mw,OF,0.4782070857631638,0.5430167456672346,0.9293972452997592,0.014312908753048822,0.009690953051619242
GOLEM,20,LightGBM,original,O,0.46713795743990616,0.44554695977400216,0.9079043799078557,0.018054409706908907,0.01475990032229794
GOLEM,20,LightGBM,m,F,0.48258500734175047,0.46635360418159966,0.9093263081875405,0.0174926461775406,0.015176752610233272
GOLEM,20,LightGBM,m,OF,0.5261820619243308,0.5050742964965662,0.9183194819257328,0.01636915764898166,0.014128256732856791
GOLEM,20,LightGBM,mw,F,0.4814282481980598,0.46839388865400267,0.9098284782778112,0.017486822873835274,0.014440188206881338
GOLEM,20,LightGBM,mw,OF,0.5150496616746617,0.5077443732571425,0.9187533699821329,0.0162871847633796,0.013920850701983092
GOLEM,20,LightGBM,m+mw,F,0.4696650004584787,0.4605774837991324,0.9060157796055966,0.017918278417939963,0.015011681056316239
GOLEM,20,LightGBM,m+mw,OF,0.5219611480697638,0.5082614269518666,0.9172510164943836,0.01640042562567386,0.014156861744453252
GOLEM,21,Logit,original,O,0.116419832827323,0.13023074092708337,0.8490084611597067,0.17198350331315498,0.33457415393638723
GOLEM,21,Logit,m,F,0.09023836907808647,0.07792035792573009,0.7857511315591709,0.20372925177487006,0.3910677578162928
GOLEM,21,Logit,m,OF,0.1183898973548323,0.13734694596143698,0.8509773820008698,0.16927975880370943,0.3296570300513134
GOLEM,21,Logit,mw,F,0.07892080563295345,0.049855368296934974,0.725755683577345,0.21934702262492117,0.415210102611571
GOLEM,21,Logit,mw,OF,0.11615681826949449,0.1361107513278999,0.8497963517018986,0.17139078632326005,0.3329860154257215
GOLEM,21,Logit,m+mw,F,0.08985730555381524,0.0742372292077344,0.7823833818862369,0.20364315473958464,0.38870294709669645
GOLEM,21,Logit,m+mw,OF,0.11962235848908816,0.14167532773737085,0.8515763128171379,0.1690962577775087,0.32882492997632007
GOLEM,21,RandomForest,original,O,0.31424779427767824,0.4542154632477241,0.9112259482556265,0.0158712891856445,0.005424093281337729
GOLEM,21,RandomForest,m,F,0.33004080680848974,0.46262033690114424,0.9136753693580093,0.015682418966523295,0.005775787483915501
GOLEM,21,RandomForest,m,OF,0.3695780526486884,0.48091396628154104,0.9166485059592817,0.015380805389643459,0.005638322075747515
GOLEM,21,RandomForest,mw,F,0.3193977038097873,0.4580799953427788,0.9171244973427116,0.015713477620194503,0.005514987344985451
GOLEM,21,RandomForest,mw,OF,0.37790940715993915,0.4815766431113896,0.916857148005833,0.015362284487650105,0.005543958043374687
GOLEM,21,RandomForest,m+mw,F,0.3554519962139814,0.45990353622402314,0.9081478258236064,0.015613286974729362,0.006030086296695066
GOLEM,21,RandomForest,m+mw,OF,0.3852875295914767,0.4834443682017576,0.9183494999904724,0.015295705497131362,0.005530292784765962
GOLEM,21,XGBoost,original,O,0.4448072841647158,0.4926046867005952,0.9227263926424693,0.014998535010819675,0.00871156269105181
GOLEM,21,XGBoost,m,F,0.4376117265519984,0.4978380661466556,0.9227259668788532,0.015048782846498913,0.00933971039755227
GOLEM,21,XGBoost,m,OF,0.47781362693291357,0.5365760226300773,0.9288715316724685,0.014381831863221903,0.010268702757254796
GOLEM,21,XGBoost,mw,F,0.4362753248933844,0.5016357180083187,0.923355905179067,0.014996495757807139,0.00916744029114327
GOLEM,21,XGBoost,mw,OF,0.4741145832884078,0.5389722680939366,0.9290417819746757,0.0142752554667158,0.009725783885786621
GOLEM,21,XGBoost,m+mw,F,0.45189769834951277,0.4966111040115642,0.9232269613700683,0.015008514255877025,0.009974669746684858
GOLEM,21,XGBoost,m+mw,OF,0.47295611113367003,0.5422748348716875,0.9297626285019425,0.014353259138818778,0.00940732398045452
GOLEM,21,LightGBM,original,O,0.46713795743990616,0.44554695977400216,0.9079043799078557,0.018054409706908907,0.01475990032229794
GOLEM,21,LightGBM,m,F,0.47322288603408147,0.4682519433498279,0.9128020857225663,0.017453195136346075,0.015018623447520446
GOLEM,21,LightGBM,m,OF,0.5268181005313358,0.5081416844684836,0.9161650823420879,0.016414231644719342,0.014419032060110543
GOLEM,21,LightGBM,mw,F,0.4786503124496323,0.46963643971686475,0.9122444530754568,0.017478839540488667,0.01495196949473665
GOLEM,21,LightGBM,mw,OF,0.5078183955700621,0.5109483429281068,0.9183321805887218,0.016423082589957356,0.014423343109633188
GOLEM,21,LightGBM,m+mw,F,0.48014068407926336,0.46404005441445245,0.9073638401204406,0.017722304362600628,0.01500109315623252
GOLEM,21,LightGBM,m+mw,OF,0.5072317385402828,0.5072484750964382,0.9150227467765841,0.01646123199469683,0.013905566615710931
GOLEM,22,Logit,original,O,0.116419832827323,0.13023074092708337,0.8490084611597067,0.17198350331315498,0.33457415393638723
GOLEM,22,Logit,m,F,0.0899791698804906,0.0781150858442097,0.7860639787475308,0.20373888371083937,0.3907361769229888
GOLEM,22,Logit,m,OF,0.11941639934631328,0.136724415249659,0.8510945409891646,0.16925758253480805,0.3297575221069506
GOLEM,22,Logit,mw,F,0.07891931107694584,0.04986626263678734,0.7258017710315485,0.21933384750171925,0.41518437703534306
GOLEM,22,Logit,mw,OF,0.11617033599730234,0.13653492819611418,0.8498514561149216,0.1713463591165997,0.3329009168473008
GOLEM,22,Logit,m+mw,F,0.08960700966683079,0.07424918081493145,0.7824869159985035,0.20365948213191984,0.38829721929202055
GOLEM,22,Logit,m+mw,OF,0.11922650269313932,0.1413397614410518,0.8517501162934759,0.16906809976773318,0.32874932876791363
GOLEM,22,RandomForest,original,O,0.31424779427767824,0.4542154632477241,0.9112259482556265,0.0158712891856445,0.005424093281337729
GOLEM,22,RandomForest,m,F,0.3246138008931068,0.4614733516472393,0.9093810914432057,0.015693203938896724,0.005336727412612248
GOLEM,22,RandomForest,m,OF,0.36297549847747695,0.4826224574614121,0.9136094785070433,0.015366778832206014,0.005545337339920944
GOLEM,22,RandomForest,mw,F,0.3306858142400156,0.4567470365884584,0.9183862385512654,0.015739564435415347,0.006045672394561346
GOLEM,22,RandomForest,mw,OF,0.3631083928338733,0.4821388012662341,0.9164564488376474,0.01534352253916552,0.005964104995354409
GOLEM,22,RandomForest,m+mw,F,0.33826515535461865,0.4594911530163731,0.9123324426222617,0.01566559337594553,0.005866431370305484
GOLEM,22,RandomForest,m+mw,OF,0.3668527779313971,0.47883491941001355,0.9181425569831323,0.01534400474840499,0.005514563036228106
GOLEM,22,XGBoost,original,O,0.4448072841647158,0.4926046867005952,0.9227263926424693,0.014998535010819675,0.00871156269105181
GOLEM,22,XGBoost,m,F,0.4310078425074111,0.4986877507040942,0.9237230041419465,0.01507281912788016,0.009629230551019193
GOLEM,22,XGBoost,m,OF,0.47589606626237196,0.5433481445907534,0.9308828316141255,0.014285189174915605,0.009476824502536544
GOLEM,22,XGBoost,mw,F,0.44283316911093423,0.5023050371239257,0.9242564991622946,0.01493362140634107,0.00931748617503293
GOLEM,22,XGBoost,mw,OF,0.48143408492183026,0.5485753632758055,0.9300774685558914,0.014241257318862463,0.010383380040222516
GOLEM,22,XGBoost,m+mw,F,0.4419297150754325,0.50344997363424,0.924772617864939,0.0148869528011099,0.009448328984661896
GOLEM,22,XGBoost,m+mw,OF,0.4823325851520576,0.5418826546134774,0.9275923425216417,0.014321864542870604,0.010131997457067835
GOLEM,22,LightGBM,original,O,0.46713795743990616,0.44554695977400216,0.9079043799078557,0.018054409706908907,0.01475990032229794
GOLEM,22,LightGBM,m,F,0.480028006439674,0.4690960104645173,0.9095899042166475,0.01741240313142159,0.014685543584444327
GOLEM,22,LightGBM,m,OF,0.5165626339659909,0.5045238840441855,0.9148070723651711,0.016508054645749747,0.014076639150302477
GOLEM,22,LightGBM,mw,F,0.4722694920872791,0.468016061457145,0.9122232178792237,0.017471188727754945,0.014498397697840762
GOLEM,22,LightGBM,mw,OF,0.5216135038311303,0.5091976820216868,0.9173546566596575,0.016326471644254534,0.014140568287540229
GOLEM,22,LightGBM,m+mw,F,0.4643172159348027,0.47085241991963545,0.9096458713115485,0.01757201651602818,0.015359585008318582
GOLEM,22,LightGBM,m+mw,OF,0.5101946235245506,0.5078588638138608,0.9170888759344029,0.016445989140808977,0.01399076252984307
GOLEM,23,Logit,original,O,0.116419832827323,0.13023074092708337,0.8490084611597067,0.17198350331315498,0.33457415393638723
GOLEM,23,Logit,m,F,0.08999170139075696,0.07792107131259095,0.7858636925897622,0.2037799200911395,0.3907616513485939
GOLEM,23,Logit,m,OF,0.11924570386404487,0.1370742521521757,0.8512703957252443,0.16925829070111192,0.32960585720416935
GOLEM,23,Logit,mw,F,0.07892903501131242,0.04986698014065895,0.7258075276885994,0.21933341315167065,0.41518350708166735
GOLEM,23,Logit,mw,OF,0.11631152364991044,0.13608457226375098,0.8499543531123829,0.1712523796115869,0.33287025249413016
GOLEM,23,Logit,m+mw,F,0.08961841273717355,0.07376095843824913,0.782251382228391,0.20370670656166734,0.3883405842725246
GOLEM,23,Logit,m+mw,OF,0.11898539214989631,0.1407104909318134,0.8518370951706353,0.16903836922565318,0.3287620929627929
GOLEM,23,RandomForest,original,O,0.31424779427767824,0.4542154632477241,0.9112259482556265,0.0158712891856445,0.005424093281337729
GOLEM,23,RandomForest,m,F,0.33264731038710255,0.4932045160756938,0.92015502356029,0.015301054878151718,0.005568309880290065
GOLEM,23,RandomForest,m,OF,0.36018094197721334,0.49180812893408243,0.9166452763327897,0.015238431970074393,0.005619238967190748
GOLEM,23,RandomForest,mw,F,0.33783570439600547,0.4897489261572835,0.9213590308367088,0.015334481007630523,0.005550574415111987
GOLEM,23,RandomForest,mw,OF,0.3721132362624488,0.48815428828849977,0.9113512895542494,0.015259496936012456,0.004977780336083174
GOLEM,23,RandomForest,m+mw,F,0.3487740169883027,0.49002525709524125,0.9183306648777968,0.015268252982939804,0.005898779813376051
GOLEM,23,RandomForest,m+mw,OF,0.3652572165237997,0.49522491967166704,0.9174452352585314,0.015188699324060284,0.005531630502336552
GOLEM,23,XGBoost,original,O,0.4448072841647158,0.4926046867005952,0.9227263926424693,0.014998535010819675,0.00871156269105181
GOLEM,23,XGBoost,m,F,0.48611867528441594,0.5372251469657049,0.9293979387119796,0.014291466820595294,0.009230348132426135
GOLEM,23,XGBoost,m,OF,0.48881256087906966,0.5390302961022124,0.9288871438577303,0.014320433189605162,0.009582635636712716
GOLEM,23,XGBoost,mw,F,0.4842386681015264,0.5341827803449777,0.9280466986407468,0.014343747436482649,0.009280667646000534
GOLEM,23,XGBoost,mw,OF,0.4948778083226955,0.5461474385342393,0.9277505425770828,0.014199653475528215,0.009533855553087358
GOLEM,23,XGBoost,m+mw,F,0.48338296209914694,0.5388009757141594,0.9284916173631309,0.014345585783065018,0.009593573425778445
GOLEM,23,XGBoost,m+mw,OF,0.4800805820354664,0.5409800605696772,0.9297890982884345,0.014323963271925843,0.009938667001499656
GOLEM,23,LightGBM,original,O,0.46713795743990616,0.44554695977400216,0.9079043799078557,0.018054409706908907,0.01475990032229794
GOLEM,23,LightGBM,m,F,0.5027322425357437,0.5077165092716717,0.9141609960807104,0.0163868350897695,0.013617089797164039
GOLEM,23,LightGBM,m,OF,0.5161876039232272,0.5053660790022203,0.9177025356011853,0.016518892451871152,0.013888952743032743
GOLEM,23,LightGBM,mw,F,0.5047558766860691,0.4994361793366541,0.9140350036401049,0.016571203336546724,0.013719017481786023
GOLEM,23,LightGBM,mw,OF,0.5077221093000315,0.5065356075963185,0.9179010059838554,0.016628892718872655,0.014177563629393347
GOLEM,23,LightGBM,m+mw,F,0.5003399533483008,0.5051959802428725,0.9123101428911843,0.016638588721467954,0.013863223090316974
GOLEM,23,LightGBM,m+mw,OF,0.5032740250783427,0.5160521828543005,0.917213174755865,0.01643330044679063,0.01443355187363687
GOLEM,24,Logit,original,O,0.116419832827323,0.13023074092708337,0.8490084611597067,0.17198350331315498,0.33457415393638723
GOLEM,24,Logit,m,F,0.08999101319546991,0.07794693825827706,0.7858753500546007,0.20378176077301796,0.39076682770399435
GOLEM,24,Logit,m,OF,0.11881582583473804,0.13705009444481595,0.8510164187123029,0.16928393037879857,0.3296913287442171
GOLEM,24,Logit,mw,F,0.07892903501131242,0.04986698014065895,0.7258075276885994,0.2193334113419662,0.4151835050112876
GOLEM,24,Logit,mw,OF,0.11621512400206675,0.1361096943210482,0.849774360149371,0.1713538956635634,0.33302232221654193
GOLEM,24,Logit,m+mw,F,0.08963081002371745,0.07377380284620817,0.782263397208024,0.2037086939548521,0.3883522589852827
GOLEM,24,Logit,m+mw,OF,0.11991618150120668,0.1406456742736803,0.8518625757790463,0.1690379339100966,0.32880834229835654
GOLEM,24,RandomForest,original,O,0.31424779427767824,0.4542154632477241,0.9112259482556265,0.0158712891856445,0.005424093281337729
GOLEM,24,RandomForest,m,F,0.3360555858839753,0.48969137320289774,0.9189366064625256,0.015349798213206044,0.005573171884984425
GOLEM,24,RandomForest,m,OF,0.3679839799490188,0.4917389054573108,0.9153071777031908,0.015205232837379002,0.005386039608819995
GOLEM,24,RandomForest,mw,F,0.33195655965842297,0.48546729662132027,0.9177355065754206,0.01539538264967181,0.00526703659450057
GOLEM,24,RandomForest,mw,OF,0.377732118664853,0.48926090120196364,0.9176045035390755,0.015236565768091858,0.005604681948972281
GOLEM,24,RandomForest,m+mw,F,0.34502337457918725,0.49508922504958874,0.9198410423092538,0.015219968925968164,0.005299677809832146
GOLEM,24,RandomForest,m+mw,OF,0.3769367308776862,0.4940129545113,0.9180345496376215,0.015198022269449269,0.005183868639198282
GOLEM,24,XGBoost,original,O,0.4448072841647158,0.4926046867005952,0.9227263926424693,0.014998535010819675,0.00871156269105181
GOLEM,24,XGBoost,m,F,0.4803921207694099,0.5361176200271907,0.9291052458933541,0.014382375952434958,0.009751523318116778
GOLEM,24,XGBoost,m,OF,0.4859992344650782,0.539639229669409,0.9275690551640693,0.014339804961387754,0.010156453776089829
GOLEM,24,XGBoost,mw,F,0.4699106291280323,0.5339162518663618,0.92870012686439,0.014462329830356935,0.009796993942281805
GOLEM,24,XGBoost,mw,OF,0.4823680991977731,0.545058389577574,0.9280005641147755,0.014263360106803777,0.010139067921006462
GOLEM,24,XGBoost,m+mw,F,0.4920395567491271,0.5386308562743294,0.9278908185210536,0.014364332179329215,0.009627450302304066
GOLEM,24,XGBoost,m+mw,OF,0.48247711581349917,0.536084305388423,0.9287408776800966,0.014402284058317024,0.009876135183273321
GOLEM,24,LightGBM,original,O,0.46713795743990616,0.44554695977400216,0.9079043799078557,0.018054409706908907,0.01475990032229794
GOLEM,24,LightGBM,m,F,0.511061306339517,0.5031663315451952,0.9140078454735636,0.016629474878981566,0.01401793487116423
GOLEM,24,LightGBM,m,OF,0.5152025441548254,0.5070425172842827,0.9180761816284354,0.01654167911545856,0.014227781863399458
GOLEM,24,LightGBM,mw,F,0.5108427024062546,0.5022208688002294,0.9153456890245026,0.016530438189715724,0.01388168405500077
GOLEM,24,LightGBM,mw,OF,0.5240648013435771,0.5093393102774441,0.9169625337369336,0.01641990631713253,0.014233158499334006
GOLEM,24,LightGBM,m+mw,F,0.4955680173248024,0.4989972586140494,0.9114886816867248,0.01688961918139791,0.013931431673493755
GOLEM,24,LightGBM,m+mw,OF,0.5104820607982604,0.50278539469211,0.9139081817509183,0.016688369596705877,0.014381445991274819
GOLEM,25,Logit,original,O,0.116419832827323,0.13023074092708337,0.8490084611597067,0.17198350331315498,0.33457415393638723
GOLEM,25,Logit,m,F,0.09003214667383101,0.07812274237947968,0.786015104623703,0.20374721759739303,0.39071837516045177
GOLEM,25,Logit,m,OF,0.11961952879204138,0.137527851337043,0.8514962130437768,0.1692670176813254,0.32964425507084666
GOLEM,25,Logit,mw,F,0.07892903501131242,0.04986698014065895,0.7258075276885994,0.21933329208687496,0.41518333521668316
GOLEM,25,Logit,mw,OF,0.11618253233948476,0.13608709514422931,0.8498743309392947,0.17129415562715875,0.33295523491390355
GOLEM,25,Logit,m+mw,F,0.08965626630962563,0.07425720801157483,0.7824240387471142,0.20367508573053214,0.3883189697181901
GOLEM,25,Logit,m+mw,OF,0.11868081649963222,0.14089329168602624,0.8516577190260051,0.16908845516704324,0.32876236160823963
GOLEM,25,RandomForest,original,O,0.31424779427767824,0.4542154632477241,0.9112259482556265,0.0158712891856445,0.005424093281337729
GOLEM,25,RandomForest,m,F,0.33873319515223266,0.4881638721687739,0.9204718219255857,0.015324405430612819,0.005613689189966525
GOLEM,25,RandomForest,m,OF,0.3600801788543187,0.48579876301866143,0.9192565613829944,0.015272032181032982,0.004987751709114736
GOLEM,25,RandomForest,mw,F,0.3421598613011881,0.4927553168037974,0.9189199754408239,0.015293096763225239,0.005199083339898434
GOLEM,25,RandomForest,mw,OF,0.37565905449423764,0.4896385281991405,0.917177749130466,0.01526454708342243,0.005925696338424101
GOLEM,25,RandomForest,m+mw,F,0.3575625480742558,0.4984101232242688,0.9160182692932521,0.015130489016038228,0.006000397813883751
GOLEM,25,RandomForest,m+mw,OF,0.3763012027192139,0.49464598967612944,0.9184108384458517,0.015156124486202658,0.005015879104595195
GOLEM,25,XGBoost,original,O,0.4448072841647158,0.4926046867005952,0.9227263926424693,0.014998535010819675,0.00871156269105181
GOLEM,25,XGBoost,m,F,0.47698900559032265,0.5369042002771299,0.9277331043217393,0.014328488450541427,0.008804694240898959
GOLEM,25,XGBoost,m,OF,0.4851891767348297,0.5399451668990725,0.9292371569849875,0.014337297429876642,0.00957539434681667
GOLEM,25,XGBoost,mw,F,0.48983478555811155,0.540041327932679,0.9292295333295291,0.014259958690601465,0.008861589751047921
GOLEM,25,XGBoost,mw,OF,0.47924656584685466,0.5389779954370031,0.929470519352271,0.014401655793907545,0.00958598926424424
GOLEM,25,XGBoost,m+mw,F,0.4795928111392357,0.5389421554289894,0.9283407432053863,0.0143380060829193,0.009617249936577392
GOLEM,25,XGBoost,m+mw,OF,0.48219700600082815,0.5428933357087974,0.9300303193345376,0.01430181757677032,0.009884296604730225
GOLEM,25,LightGBM,original,O,0.46713795743990616,0.44554695977400216,0.9079043799078557,0.018054409706908907,0.01475990032229794
GOLEM,25,LightGBM,m,F,0.5069874677972204,0.49282576385658194,0.9165745395219511,0.016704313089367227,0.013773134282078913
GOLEM,25,LightGBM,m,OF,0.5182948838651149,0.5053855432736072,0.9195946944661919,0.01651785089568092,0.014783200071567002
GOLEM,25,LightGBM,mw,F,0.5067775373757406,0.5006444561863121,0.9177507899921655,0.01658111472430364,0.013905575977027337
GOLEM,25,LightGBM,mw,OF,0.52786814766015,0.5124086658618916,0.9185368058409216,0.01623295482345493,0.014192240092659496
GOLEM,25,LightGBM,m+mw,F,0.4957219602570646,0.5041145751103909,0.9114716112830938,0.016591178549284623,0.014134475602946017
GOLEM,25,LightGBM,m+mw,OF,0.5165308744568269,0.505333087214123,0.9195816506381951,0.016480121537664864,0.01461059140286911
GOLEM,26,Logit,original,O,0.116419832827323,0.13023074092708337,0.8490084611597067,0.17198350331315498,0.33457415393638723
GOLEM,26,Logit,m,F,0.09009093662775673,0.0784111309548575,0.7864630696967113,0.20357181624262383,0.3905774029406853
GOLEM,26,Logit,m,OF,0.11882620697395045,0.13883538143631496,0.851392409291005,0.16904521773673603,0.3295206370937793
GOLEM,26,Logit,mw,F,0.07892903501131242,0.0498674396572475,0.7258089937278013,0.2193333205383202,0.4151833218935149
GOLEM,26,Logit,mw,OF,0.11612932128388445,0.13479667613198548,0.8495643579174352,0.1714282725672554,0.33311214683699497
GOLEM,26,Logit,m+mw,F,0.08978783347121583,0.07492131521765558,0.7832424453817367,0.20346039162558646,0.38821137827080987
GOLEM,26,Logit,m+mw,OF,0.1194312999546983,0.14186225314873216,0.8520261919183868,0.16888780485476784,0.3286537584832454
GOLEM,26,RandomForest,original,O,0.31424779427767824,0.4542154632477241,0.9112259482556265,0.0158712891856445,0.005424093281337729
GOLEM,26,RandomForest,m,F,0.34263093895647007,0.491228729052618,0.9157318248377034,0.01530575922955565,0.005875602348055417
GOLEM,26,RandomForest,m,OF,0.3643940928562389,0.4919805860995951,0.918025280986374,0.015242632558581026,0.005942745047099914
GOLEM,26,RandomForest,mw,F,0.33200211530123586,0.4919904131311276,0.9189950987323726,0.01531091667768666,0.006268708506995897
GOLEM,26,RandomForest,mw,OF,0.3618839948308151,0.49228450548057834,0.9143041980330283,0.015235406942500964,0.005508581212805574
GOLEM,26,RandomForest,m+mw,F,0.35620107959326286,0.4947066527138476,0.9199410579693706,0.015235443109566543,0.005427150195765071
GOLEM,26,RandomForest,m+mw,OF,0.3668976898613017,0.49653783989981576,0.9192865919023576,0.015145221941264539,0.005545426828505796
GOLEM,26,XGBoost,original,O,0.4448072841647158,0.4926046867005952,0.9227263926424693,0.014998535010819675,0.00871156269105181
GOLEM,26,XGBoost,m,F,0.485534547135701,0.538689968936507,0.9268657293778186,0.014265724067239452,0.009658927932614489
GOLEM,26,XGBoost,m,OF,0.48106500954833853,0.5464053511100964,0.9296144760778464,0.014245332372825542,0.00972208875619968
GOLEM,26,XGBoost,mw,F,0.4690603261925519,0.5430523077209224,0.9275531381131042,0.014302978045177639,0.009261553004835455
GOLEM,26,XGBoost,mw,OF,0.473212501854485,0.5435105420814181,0.9300088267846837,0.014218647124924563,0.01003440093240653
GOLEM,26,XGBoost,m+mw,F,0.49026355563941193,0.5376839579559233,0.927125711699969,0.014322051843196196,0.009730877454156437
GOLEM,26,XGBoost,m+mw,OF,0.4804822103059152,0.541724140362806,0.9301026329552462,0.014319504645193997,0.009809556218473308
GOLEM,26,LightGBM,original,O,0.46713795743990616,0.44554695977400216,0.9079043799078557,0.018054409706908907,0.01475990032229794
GOLEM,26,LightGBM,m,F,0.5069793078061375,0.5059058754829002,0.9140197439374665,0.01643181394633076,0.01330274696565657
GOLEM,26,LightGBM,m,OF,0.5089411513702905,0.5072037413285193,0.9165663130752885,0.016505431999252394,0.014579485330705475
GOLEM,26,LightGBM,mw,F,0.5139333669382985,0.5066614087081549,0.9140678696516366,0.01639367264364232,0.013295619033042595
GOLEM,26,LightGBM,mw,OF,0.5257081243418142,0.5101568103833999,0.919891633577625,0.016319878817574872,0.013590282182898424
GOLEM,26,LightGBM,m+mw,F,0.5091665356534502,0.5060998510874695,0.9135099168536034,0.01664509063606536,0.014339721713347542
GOLEM,26,LightGBM,m+mw,OF,0.519262335338111,0.508712395213169,0.9199382400373828,0.016304043214319348,0.014402782006642797
GOLEM,27,Logit,original,O,0.116419832827323,0.13023074092708337,0.8490084611597067,0.17198350331315498,0.33457415393638723
GOLEM,27,Logit,m,F,0.09005627041150593,0.0784217945078469,0.7864645648805714,0.20352030264356102,0.3905171646209027
GOLEM,27,Logit,m,OF,0.11882968549404624,0.13849294399059056,0.8514568395542879,0.16910550297623927,0.3294945329484977
GOLEM,27,Logit,mw,F,0.07892903501131242,0.049867882522914686,0.7258104231160231,0.21933310960334057,0.4151830751599822
GOLEM,27,Logit,mw,OF,0.11626613502870924,0.1361618981570182,0.8498803654141289,0.17130115483231773,0.33289590458346563
GOLEM,27,Logit,m+mw,F,0.08975517637539336,0.0747831711527939,0.7831568357583534,0.20344889536254537,0.38815038283333625
GOLEM,27,Logit,m+mw,OF,0.11922243731293496,0.14194815560867904,0.8519289261720774,0.16895411070334468,0.32857521571381254
GOLEM,27,RandomForest,original,O,0.31424779427767824,0.4542154632477241,0.9112259482556265,0.0158712891856445,0.005424093281337729
GOLEM,27,RandomForest,m,F,0.3447147894376501,0.4868435998553234,0.9160931623315184,0.015362370235104098,0.005681155298411996
GOLEM,27,RandomForest,m,OF,0.3694742813750045,0.4907494783454247,0.9161186636557005,0.015231040508199812,0.005544529754290138
GOLEM,27,RandomForest,mw,F,0.3299447464394142,0.48781938871310493,0.9191304329794139,0.015381997977049972,0.005194499648610762
GOLEM,27,RandomForest,mw,OF,0.3652171539152671,0.48957532103651413,0.9168072783612915,0.015269060823163677,0.005849639482144799
GOLEM,27,RandomForest,m+mw,F,0.35994682943190004,0.49042647362202896,0.9161956915716198,0.015231149442380607,0.005094384665548723
GOLEM,27,RandomForest,m+mw,OF,0.37221163726123646,0.4925708594365717,0.9179083250566699,0.015207597226025816,0.006087041834076752
GOLEM,27,XGBoost,original,O,0.4448072841647158,0.4926046867005952,0.9227263926424693,0.014998535010819675,0.00871156269105181
GOLEM,27,XGBoost,m,F,0.46847506824440793,0.536713291526592,0.9272307879210915,0.014325790983345313,0.00980542973910416
GOLEM,27,XGBoost,m,OF,0.4787241961442514,0.5449762280257867,0.9288115655321034,0.01430932369537707,0.009984946721183783
GOLEM,27,XGBoost,mw,F,0.47109575789847347,0.5426082551344659,0.9272997914425043,0.014276087756168504,0.010157407518237615
GOLEM,27,XGBoost,mw,OF,0.49311216545408304,0.5449803763331398,0.9273360602081837,0.014256433469251761,0.010069776655942726
GOLEM,27,XGBoost,m+mw,F,0.4849081264419709,0.5391359378553331,0.9284630200795035,0.014378012430359905,0.009407186227640828
GOLEM,27,XGBoost,m+mw,OF,0.48236774793716064,0.5491728142235994,0.9280641147755047,0.014272674092066982,0.010111375546964322
GOLEM,27,LightGBM,original,O,0.46713795743990616,0.44554695977400216,0.9079043799078557,0.018054409706908907,0.01475990032229794
GOLEM,27,LightGBM,m,F,0.5027028151707571,0.5037099685348547,0.9162367867346063,0.016600199283353982,0.014173533775022343
GOLEM,27,LightGBM,m,OF,0.5127382847652038,0.497914310291787,0.9172608133348981,0.01654303109595933,0.014100793419445628
GOLEM,27,LightGBM,mw,F,0.5051423634103481,0.49644586662147006,0.9165450759081215,0.016602392569574936,0.014267777179553496
GOLEM,27,LightGBM,mw,OF,0.5233047916294017,0.5040947354719112,0.9187356821310992,0.016461241807739873,0.014467340045034896
GOLEM,27,LightGBM,m+mw,F,0.50058613769573,0.503225909652879,0.9140697262502236,0.016838916235238553,0.014070299035371145
GOLEM,27,LightGBM,m+mw,OF,0.5116895517457515,0.5018189876852375,0.9216185704116654,0.01649499736379894,0.014101837681880742
GOLEM,28,Logit,original,O,0.116419832827323,0.13023074092708337,0.8490084611597067,0.17198350331315498,0.33457415393638723
GOLEM,28,Logit,m,F,0.09005627041150593,0.07842682807287685,0.786471787576824,0.2035148835811246,0.39051162572309817
GOLEM,28,Logit,m,OF,0.11892091601947394,0.13876430904780795,0.851566953964222,0.16905180282128077,0.3294403683514607
GOLEM,28,Logit,mw,F,0.07892903501131242,0.049867882522914686,0.7258104231160231,0.21933310887797272,0.41518307443255387
GOLEM,28,Logit,mw,OF,0.11626613502870924,0.13615035399615613,0.8498788627239471,0.17130154604415423,0.33289624742712626
GOLEM,28,Logit,m+mw,F,0.08983644386242196,0.07498021309505196,0.7831553859269362,0.20342084414221281,0.3880966727548375
GOLEM,28,Logit,m+mw,OF,0.11905024164356075,0.14175394126421662,0.8516916125649556,0.16900625380939738,0.3287170408743715
GOLEM,28,RandomForest,original,O,0.31424779427767824,0.4542154632477241,0.9112259482556265,0.0158712891856445,0.005424093281337729
GOLEM,28,RandomForest,m,F,0.33582697426796804,0.48629715636648096,0.9139209810258799,0.015370270450720785,0.005459316613583133
GOLEM,28,RandomForest,m,OF,0.36576734697831825,0.4884077790619122,0.9215973946789218,0.015276919463126325,0.005171364231201613
GOLEM,28,RandomForest,mw,F,0.328652779241311,0.4821918488426455,0.9186392841093227,0.015419005852358062,0.005585567265403916
GOLEM,28,RandomForest,mw,OF,0.3581018597545624,0.4935943502493402,0.9236931813988342,0.015220348996492985,0.006281507172216992
GOLEM,28,RandomForest,m+mw,F,0.3636714144777408,0.48796995709260527,0.9182679688998905,0.015258346133913372,0.005455839141884973
GOLEM,28,RandomForest,m+mw,OF,0.3674903055561847,0.4941095367504314,0.9221459034650256,0.015180979846467291,0.0058386867046067
GOLEM,28,XGBoost,original,O,0.4448072841647158,0.4926046867005952,0.9227263926424693,0.014998535010819675,0.00871156269105181
GOLEM,28,XGBoost,m,F,0.48006515290573315,0.5352045771537078,0.9288210220930095,0.01443148444264954,0.010046483759272397
GOLEM,28,XGBoost,m,OF,0.48687855353484133,0.5375299321364125,0.9280505692190746,0.014305750574846478,0.009602282631044975
GOLEM,28,XGBoost,mw,F,0.48189240182193693,0.5396304510805225,0.9279068201334619,0.014359782744258347,0.00934759705936648
GOLEM,28,XGBoost,mw,OF,0.48397056641454006,0.5450219226562206,0.9281896680124033,0.014274256232771843,0.010006844392676259
GOLEM,28,XGBoost,m+mw,F,0.48241781007515083,0.5332962608961165,0.9275321096552369,0.014417461125017076,0.00948608322861952
GOLEM,28,XGBoost,m+mw,OF,0.4804516418231616,0.5409897544617478,0.9293206011812452,0.014433843471132713,0.010076810832753311
GOLEM,28,LightGBM,original,O,0.46713795743990616,0.44554695977400216,0.9079043799078557,0.018054409706908907,0.01475990032229794
GOLEM,28,LightGBM,m,F,0.5076395568137702,0.5037660208375464,0.9167292185462548,0.016681452184382682,0.014043981255954385
GOLEM,28,LightGBM,m,OF,0.5083376717720426,0.5020770173801773,0.9194009108380788,0.01643739882589369,0.014237269450427567
GOLEM,28,LightGBM,mw,F,0.5051062960787268,0.5027903286831468,0.9166641738339042,0.016565090987088242,0.013830419118466183
GOLEM,28,LightGBM,mw,OF,0.5130860354005536,0.5123435990419927,0.9221345075158327,0.016263886955674132,0.013812150657722583
GOLEM,28,LightGBM,m+mw,F,0.5092455728963757,0.5000112355544333,0.9130814230330928,0.016614958866157596,0.013964690646937422
GOLEM,28,LightGBM,m+mw,OF,0.5129726735766769,0.5030403444391531,0.9187775204828655,0.016441117857021653,0.013973571264781465
