dag,k,model,set,feature,f1,AUPRC,AUROC,Brier,ECE,seconds
PC,1,Logit,O,original,0.116419832827323,0.13023074092708337,0.8490084611597067,0.17198350331315498,0.33457415393638723,0.38
PC,1,Logit,F,m,0.05903544488443461,0.03763764804115846,0.6499642049713021,0.2367593178493364,0.447004375106863,0.126
PC,1,Logit,OF,m,0.11620386122623423,0.13591960711801146,0.8508782504093588,0.17186077528299865,0.33419389927120857,0.444
PC,1,Logit,F,mw,0.05898433257574298,0.03763764804115846,0.6499642049713021,0.2367002974820418,0.44759126541696964,0.127
PC,1,Logit,OF,mw,0.11600989052686614,0.1334695862639489,0.8504443891283028,0.17188448225205843,0.3341692725339097,0.341
PC,1,Logit,F,m+mw,0.05893692376946689,0.03763764804115846,0.6499642049713021,0.2368486921001783,0.44598963455233226,0.107
PC,1,Logit,OF,m+mw,0.11557699951076153,0.13747739153287203,0.8512143401899349,0.1718388989531612,0.3338325752424806,0.381
PC,1,RandomForest,O,original,0.31424779427767824,0.4542154632477241,0.9112259482556265,0.0158712891856445,0.005424093281337729,14.296
PC,1,RandomForest,F,m,0.062462072587962346,0.032337759964061005,0.5640407943901156,0.11125453850378275,0.17883234821323804,10.666
PC,1,RandomForest,OF,m,0.26821324637392474,0.4509596089821633,0.9169480511063612,0.015982506010584815,0.005082723404148894,14.759
PC,1,RandomForest,F,mw,0.06248887505378921,0.032300245324759315,0.5630600778315012,0.11126291334725717,0.17883166310789606,10.86
PC,1,RandomForest,OF,mw,0.26821324637392474,0.4509596089821633,0.9169480511063612,0.015982506010584815,0.005082723404148894,15.348
PC,1,RandomForest,F,m+mw,0.06248887505378921,0.03230148241513863,0.5630618143289363,0.1112535071215039,0.17886520376988607,10.956
PC,1,RandomForest,OF,m+mw,0.2675416259217633,0.44319136559846556,0.9088614243155417,0.016094642799474916,0.005561228949471228,15.295
PC,1,XGBoost,O,original,0.4448072841647158,0.4926046867005952,0.9227263926424693,0.014998535010819675,0.00871156269105181,4.533
PC,1,XGBoost,F,m,0.0,0.03605800637021831,0.614847468916027,0.021714030854323513,0.0009553544234968681,2.581
PC,1,XGBoost,OF,m,0.44643574464433355,0.4904774752009776,0.9200574937298308,0.015028813418640836,0.008671931660280963,4.573
PC,1,XGBoost,F,mw,0.0,0.03605800637021831,0.614847468916027,0.021714030854323513,0.0009553544234968681,2.341
PC,1,XGBoost,OF,mw,0.44643574464433355,0.4904774752009776,0.9200574937298308,0.015028813418640836,0.008671931660280963,3.617
PC,1,XGBoost,F,m+mw,0.0,0.03605800637021831,0.614847468916027,0.021714030854323513,0.0009553544234968681,2.307
PC,1,XGBoost,OF,m+mw,0.45248274346188266,0.4862742646914415,0.9217120056273428,0.01509470878902541,0.008757730750527448,3.699
PC,1,LightGBM,O,original,0.46713795743990616,0.44554695977400216,0.9079043799078557,0.018054409706908907,0.01475990032229794,14.173
PC,1,LightGBM,F,m,0.05405825516984741,0.031124360906640725,0.5894447566277636,0.21676123455148444,0.3422640941989634,13.093
PC,1,LightGBM,OF,m,0.4676255137051977,0.4457256958427428,0.9072301806428678,0.018226911398333257,0.015649066534768042,15.471
PC,1,LightGBM,F,mw,0.05405825516984741,0.030973146354126974,0.5889728229355593,0.21677904944491982,0.34228472968575907,14.623
PC,1,LightGBM,OF,mw,0.4676255137051977,0.4457256958427428,0.9072301806428678,0.018226911398333257,0.015649066534768042,18.159
PC,1,LightGBM,F,m+mw,0.05405825516984741,0.031124360906640725,0.5894447566277636,0.21676123455148444,0.3422640941989634,16.055
PC,1,LightGBM,OF,m+mw,0.46273522705588344,0.4503038784047425,0.9107094372533041,0.018239239213401082,0.015564239636898135,17.586
PC,2,Logit,O,original,0.116419832827323,0.13023074092708337,0.8490084611597067,0.17198350331315498,0.33457415393638723,0.408
PC,2,Logit,F,m,0.05832760050205983,0.03650174505906248,0.6473969670290802,0.23665932454024824,0.4471888844786361,0.163
PC,2,Logit,OF,m,0.11678298236988646,0.13447567745473687,0.8492086835137383,0.1711239367043863,0.33294150213484747,0.357
PC,2,Logit,F,mw,0.058599795586969115,0.037332443042946604,0.6493117109912045,0.23658759053272732,0.4477913831594263,0.161
PC,2,Logit,OF,mw,0.11685688918811206,0.13282911144457032,0.8489053571093692,0.17139294306926292,0.333251945603671,0.374
PC,2,Logit,F,m+mw,0.05848506079825627,0.03531586298425464,0.6436765186639707,0.2369398953956817,0.4460461082940748,0.17
PC,2,Logit,OF,m+mw,0.1165272328088682,0.13637305431797375,0.8494587398992163,0.17112924477880895,0.33240643291862254,0.429
PC,2,RandomForest,O,original,0.31424779427767824,0.4542154632477241,0.9112259482556265,0.0158712891856445,0.005424093281337729,14.597
PC,2,RandomForest,F,m,0.019100538653666756,0.04120987156699293,0.642342790275846,0.02561497842770094,0.024461759243393555,12.296
PC,2,RandomForest,OF,m,0.27004603197043286,0.4405712444303472,0.9103921440788103,0.016171080287829678,0.005415865724293251,16.73
PC,2,RandomForest,F,mw,0.019100538653666756,0.04119266458590814,0.6402452735688697,0.025601599963917414,0.024476145468921066,13.242
PC,2,RandomForest,OF,mw,0.27004603197043286,0.4405660813481651,0.9103914293846993,0.01617109670761727,0.005415725981420138,16.753
PC,2,RandomForest,F,m+mw,0.018963317384370015,0.04024917530407711,0.6299939941980576,0.02591806236198204,0.02555104632252057,19.88
PC,2,RandomForest,OF,m+mw,0.2755913109180586,0.44179766255420505,0.9077067251877142,0.016123089828641475,0.005541316215300312,31.31
PC,2,XGBoost,O,original,0.4448072841647158,0.4926046867005952,0.9227263926424693,0.014998535010819675,0.00871156269105181,14.263
PC,2,XGBoost,F,m,0.0,0.05398150529423677,0.6887966825503795,0.021627348983323174,0.004410934805354688,9.841
PC,2,XGBoost,OF,m,0.45422016832997,0.4942916721815047,0.9205912225574318,0.014970184113919085,0.008724839981186087,13.679
PC,2,XGBoost,F,mw,0.0,0.05398150529423677,0.6887966825503795,0.021627348983323174,0.004410934805354688,10.454
PC,2,XGBoost,OF,mw,0.45422016832997,0.4942916721815047,0.9205912225574318,0.014970184113919085,0.008724839981186087,14.819
PC,2,XGBoost,F,m+mw,0.0,0.06034913555096407,0.7279848571884079,0.02173757784884911,0.006655944978962691,9.64
PC,2,XGBoost,OF,m+mw,0.44277664541548384,0.49149781650221025,0.9230056646186402,0.015080787408456428,0.009126908873214639,16.514
PC,2,LightGBM,O,original,0.46713795743990616,0.44554695977400216,0.9079043799078557,0.018054409706908907,0.01475990032229794,27.175
PC,2,LightGBM,F,m,0.09520824233382448,0.05168031033612845,0.7000990053783678,0.08270805593717431,0.1103978138757753,22.022
PC,2,LightGBM,OF,m,0.47258596502484496,0.4542607238941887,0.9107880983289267,0.018099734408115638,0.015425085422340728,23.556
PC,2,LightGBM,F,mw,0.09439514239028975,0.05162277247462053,0.6999902869765867,0.082719014285876,0.11040300280527131,21.247
PC,2,LightGBM,OF,mw,0.47258596502484496,0.4542607238941887,0.9107880983289267,0.018099734122501477,0.015425098933115115,23.215
PC,2,LightGBM,F,m+mw,0.09520824233382448,0.051656386642910904,0.7000575343121946,0.0827095482296109,0.11039500273131028,21.59
PC,2,LightGBM,OF,m+mw,0.4841465953421615,0.4556350686674923,0.9092206804614245,0.018050084416314827,0.01565683744294439,23.632
PC,3,Logit,O,original,0.116419832827323,0.13023074092708337,0.8490084611597067,0.17198350331315498,0.33457415393638723,0.511
PC,3,Logit,F,m,0.058333868538378554,0.040971086734971136,0.6482609438736118,0.23665405164893877,0.4471532478446162,0.21
PC,3,Logit,OF,m,0.11682356475990763,0.13383640259380106,0.8490937229971598,0.1711924789127925,0.3329591581307264,0.517
PC,3,Logit,F,mw,0.05863050038166262,0.04284737692023886,0.6499377549570492,0.2365375487715491,0.4477384314259571,0.23
PC,3,Logit,OF,mw,0.11674046373683584,0.13412829066949516,0.849154142095833,0.17130986217386615,0.33324076976920153,0.518
PC,3,Logit,F,m+mw,0.05848209519389632,0.038836873496330755,0.6446439410755233,0.2369356880389586,0.4460386017758107,0.244
PC,3,Logit,OF,m+mw,0.11646887083417404,0.13546893998423906,0.8494477943398273,0.17111687388356794,0.33238779889987197,0.655
PC,3,RandomForest,O,original,0.31424779427767824,0.4542154632477241,0.9112259482556265,0.0158712891856445,0.005424093281337729,17.007
PC,3,RandomForest,F,m,0.0,0.07213575652500129,0.7117443243483246,0.022119051672076624,0.011750702700320002,15.309
PC,3,RandomForest,OF,m,0.32894335581947,0.474568592774595,0.9179334072638955,0.015495264742013399,0.005507016217676254,20.259
PC,3,RandomForest,F,mw,0.0,0.06929155049140394,0.706224834489374,0.02217383161046315,0.01189072185478496,16.542
PC,3,RandomForest,OF,mw,0.32471977350709746,0.4784953680478111,0.9160367875468827,0.01545874323110689,0.005178433438625055,30.849
PC,3,RandomForest,F,m+mw,0.0,0.0676180388029313,0.706805140694977,0.02253283785789963,0.014401759744173629,28.293
PC,3,RandomForest,OF,m+mw,0.3051986006654691,0.4638673088605083,0.9131503894946617,0.015672830973726466,0.005220327148382547,32.894
PC,3,XGBoost,O,original,0.4448072841647158,0.4926046867005952,0.9227263926424693,0.014998535010819675,0.00871156269105181,13.599
PC,3,XGBoost,F,m,0.014756097560975612,0.1054093470376493,0.758114279556885,0.021387145618776963,0.007593110706642125,13.134
PC,3,XGBoost,OF,m,0.46698217991251634,0.5282221981206661,0.9271799114544192,0.014519355769994458,0.009067477237397415,21.843
PC,3,XGBoost,F,mw,0.014756097560975612,0.10465538288639534,0.7574193873330757,0.021408181031377767,0.00781912465278145,11.286
PC,3,XGBoost,OF,mw,0.4830816003317279,0.5259403641411824,0.9276813656973733,0.014530196564465348,0.008935366167031028,6.979
PC,3,XGBoost,F,m+mw,0.014291116333090242,0.0996961495387192,0.7566184756705594,0.02148607696049038,0.007786255881528608,5.448
PC,3,XGBoost,OF,m+mw,0.48412441944343715,0.5277346088884824,0.9273475947412738,0.01450429020348692,0.009213113786734043,7.666
PC,3,LightGBM,O,original,0.46713795743990616,0.44554695977400216,0.9079043799078557,0.018054409706908907,0.01475990032229794,26.267
PC,3,LightGBM,F,m,0.12889005309425045,0.09724445776052366,0.7282332764094129,0.050715586845106554,0.06475897664548944,21.609
PC,3,LightGBM,OF,m,0.5072827840862962,0.48879841324474693,0.9166033813900649,0.016948792037367773,0.013957763755116454,23.451
PC,3,LightGBM,F,mw,0.1285509133515609,0.09732375108590026,0.729754811443372,0.05045117179948104,0.06446582300919375,21.419
PC,3,LightGBM,OF,mw,0.5039997765994192,0.4866746264728151,0.9169194496921602,0.016942077531578066,0.013943832821495666,23.425
PC,3,LightGBM,F,m+mw,0.13151767862628366,0.08453475482856662,0.7170366753043045,0.04329563332238319,0.05099972189893694,22.279
PC,3,LightGBM,OF,m+mw,0.49856335667666307,0.4824230153354906,0.9149862020592181,0.01713173954614791,0.013913952308062008,24.026
PC,4,Logit,O,original,0.116419832827323,0.13023074092708337,0.8490084611597067,0.17198350331315498,0.33457415393638723,0.527
PC,4,Logit,F,m,0.07616436409389601,0.04587677156582172,0.7077046628467121,0.22392325273763528,0.42290386754856674,0.244
PC,4,Logit,OF,m,0.11665854443354395,0.13267815150139625,0.8486433928456348,0.17152880634183185,0.33308625959716043,0.63
PC,4,Logit,F,mw,0.07472169108878127,0.04630072410271728,0.7073633691511536,0.22441260154658488,0.42729939249814713,0.267
PC,4,Logit,OF,mw,0.11679663575390857,0.13278783947220657,0.8487681549413555,0.17150694456620968,0.33323182080967684,0.597
PC,4,Logit,F,m+mw,0.07612669882043854,0.045837702473465254,0.7070260539739945,0.22396451690025132,0.4203575615522152,0.222
PC,4,Logit,OF,m+mw,0.11630467851277451,0.1354037978800105,0.8488478194319102,0.1714543130331378,0.3323129998645459,0.749
PC,4,RandomForest,O,original,0.31424779427767824,0.4542154632477241,0.9112259482556265,0.0158712891856445,0.005424093281337729,17.122
PC,4,RandomForest,F,m,0.0047619047619047615,0.10155889875248973,0.7478356851940138,0.02146447714399018,0.009619289455946917,19.585
PC,4,RandomForest,OF,m,0.32014593306879824,0.4754020038375789,0.9125549109470086,0.015520165703550656,0.005273491964941108,31.427
PC,4,RandomForest,F,mw,0.004651162790697674,0.10034576092005838,0.7565630079767126,0.021478126167454793,0.009063293283088424,26.955
PC,4,RandomForest,OF,mw,0.31611898973219893,0.471012098868656,0.9148014570387444,0.015582332589132195,0.005610050169879815,31.937
PC,4,RandomForest,F,m+mw,0.00919661733615222,0.10193476251239879,0.7516177659562012,0.02141446851615734,0.009504879511631481,27.9
PC,4,RandomForest,OF,m+mw,0.29976238126629967,0.46294175052150177,0.9136082670747354,0.015770896580074543,0.0055235611329739415,35.007
PC,4,XGBoost,O,original,0.4448072841647158,0.4926046867005952,0.9227263926424693,0.014998535010819675,0.00871156269105181,20.873
PC,4,XGBoost,F,m,0.004545454545454545,0.12655654875301653,0.7906588339286895,0.021002397554546304,0.007328635624005232,7.065
PC,4,XGBoost,OF,m,0.4706070744968375,0.526323074131146,0.9262784629875591,0.014536851222276043,0.008802535332346585,8.187
PC,4,XGBoost,F,mw,0.009444444444444445,0.1301746929717356,0.7901802100592633,0.02095427247643585,0.0076483912305736566,4.394
PC,4,XGBoost,OF,mw,0.46873679887335823,0.5291119473004366,0.9284193001360329,0.014415051189638331,0.009063132091697004,5.081
PC,4,XGBoost,F,m+mw,0.01833560571630561,0.12288834795189012,0.791862778261034,0.021064778962057315,0.00761207351569496,3.913
PC,4,XGBoost,OF,m+mw,0.4618718635644865,0.5155713226204646,0.9273186165432559,0.014718402351073454,0.008739016909957136,5.45
PC,4,LightGBM,O,original,0.46713795743990616,0.44554695977400216,0.9079043799078557,0.018054409706908907,0.01475990032229794,18.257
PC,4,LightGBM,F,m,0.16214420572644542,0.10571420800947892,0.7593570225055803,0.03432719368458159,0.03478148303593815,16.8
PC,4,LightGBM,OF,m,0.49593517044641666,0.486256708489759,0.9139592988182752,0.017023009129752166,0.014007136954901297,16.811
PC,4,LightGBM,F,mw,0.16327227807242845,0.10631652505755648,0.7606384897412648,0.034250284124010835,0.035319387673426676,13.847
PC,4,LightGBM,OF,mw,0.5030453271145751,0.489006576873596,0.9144302463202498,0.016981050616839185,0.014057753730907415,15.809
PC,4,LightGBM,F,m+mw,0.15561728579831763,0.10098399549053734,0.7589114717215295,0.03392051147064955,0.03312876263213861,14.375
PC,4,LightGBM,OF,m+mw,0.4974366314594585,0.47830102964733207,0.9140130265760366,0.01704362378454945,0.014010163685440719,15.01
PC,5,Logit,O,original,0.116419832827323,0.13023074092708337,0.8490084611597067,0.17198350331315498,0.33457415393638723,0.403
PC,5,Logit,F,m,0.07616702543259597,0.04578203253153094,0.7076856229980556,0.22390791899971588,0.4225096105581727,0.196
PC,5,Logit,OF,m,0.11672956897429654,0.13217692580017942,0.8484805658555713,0.17152163464761525,0.33301432879834053,0.422
PC,5,Logit,F,mw,0.0747363398831924,0.0463562849219218,0.7076847651596422,0.2243636682737642,0.42695853963978314,0.192
PC,5,Logit,OF,mw,0.11687618778752047,0.1328539585922336,0.8487793765363009,0.17144602917061125,0.3331748626893831,0.421
PC,5,Logit,F,m+mw,0.07578880266118174,0.045747397088907196,0.7067660359443961,0.22402082544594243,0.42017187079160684,0.18
PC,5,Logit,OF,m+mw,0.1160192216877269,0.13495585967096782,0.8486725270199915,0.1714097055356782,0.3323643991890675,0.446
PC,5,RandomForest,O,original,0.31424779427767824,0.4542154632477241,0.9112259482556265,0.0158712891856445,0.005424093281337729,14.764
PC,5,RandomForest,F,m,0.0,0.10497127198727627,0.7475938654453452,0.021313023234480102,0.008588195181715752,16.792
PC,5,RandomForest,OF,m,0.33716247843944697,0.46981767137704233,0.9180459740814836,0.01562901972934119,0.0054738709744986454,18.988
PC,5,RandomForest,F,mw,0.0,0.10441574424500732,0.7499763548340898,0.021332991142075985,0.008454515805012736,16.375
PC,5,RandomForest,OF,mw,0.31618273888933646,0.4700588982789224,0.9159125206377727,0.015611536431076439,0.0053485520199879205,18.894
PC,5,RandomForest,F,m+mw,0.004651162790697674,0.10206678800177926,0.7416817454522675,0.02142378269303274,0.00865291324812457,20.867
PC,5,RandomForest,OF,m+mw,0.28881742546398287,0.4601965906912303,0.9168649866398371,0.015821151436725554,0.005391891693333483,19.899
PC,5,XGBoost,O,original,0.4448072841647158,0.4926046867005952,0.9227263926424693,0.014998535010819675,0.00871156269105181,3.676
PC,5,XGBoost,F,m,0.009423503325942351,0.12612495579203495,0.7903836852297087,0.02099314609588051,0.007654185907689762,2.932
PC,5,XGBoost,OF,m,0.45037340200877285,0.5283960198721853,0.9276993309887777,0.014593769022299696,0.00931529472566221,4.327
PC,5,XGBoost,F,mw,0.01452921157118548,0.12500420139353913,0.7918170810726722,0.020974389831567384,0.007071778402504969,2.959
PC,5,XGBoost,OF,mw,0.45023108206552437,0.5246555639917309,0.9266641765806309,0.014628752535320954,0.008931153141942672,4.371
PC,5,XGBoost,F,m+mw,0.014291116333090242,0.12850409889632758,0.7904671253582947,0.020970087087752675,0.0079235447503108,3.49
PC,5,XGBoost,OF,m+mw,0.46983854476959197,0.5227905759544206,0.9284638175108956,0.014567785903926062,0.009431419986543104,5.036
PC,5,LightGBM,O,original,0.46713795743990616,0.44554695977400216,0.9079043799078557,0.018054409706908907,0.01475990032229794,13.496
PC,5,LightGBM,F,m,0.1451648796729045,0.10862184154849605,0.7576132239143065,0.03335465937896321,0.03245618139536501,12.852
PC,5,LightGBM,OF,m,0.508939280590482,0.4803295918980094,0.9162270873085389,0.016836837938798206,0.013488708515044917,14.289
PC,5,LightGBM,F,mw,0.15637474389053352,0.10742727124865789,0.7686214974285437,0.033583813345418184,0.03243091508909958,12.888
PC,5,LightGBM,OF,mw,0.50266314853085,0.48518296430181274,0.9189540800793553,0.016900624639597652,0.014026434213863603,14.314
PC,5,LightGBM,F,m+mw,0.16251838871770313,0.1080423705984491,0.7580674886995048,0.03282604329562805,0.03119828533787547,13.194
PC,5,LightGBM,OF,m+mw,0.4977891279933699,0.47616802901938565,0.9171406562209528,0.01714699167865457,0.013803172203454329,14.94
PC,6,Logit,O,original,0.116419832827323,0.13023074092708337,0.8490084611597067,0.17198350331315498,0.33457415393638723,0.397
PC,6,Logit,F,m,0.07904857898328466,0.050979573275948445,0.7314251005394252,0.2181796394960544,0.4134161254653165,0.245
PC,6,Logit,OF,m,0.1166341568188036,0.13288673667235096,0.848747952220843,0.1715179701345112,0.3329586456303508,0.428
PC,6,Logit,F,mw,0.07692944194942002,0.04866416802965185,0.7194304634165014,0.22160526546354617,0.4230371533272038,0.252
PC,6,Logit,OF,mw,0.11678353058354078,0.13233640945188888,0.8488022929180208,0.17146424367767135,0.3332234325229999,0.419
PC,6,Logit,F,m+mw,0.07977867240863923,0.051374378242153185,0.7325222469352148,0.21772253669679498,0.410486740198308,0.25
PC,6,Logit,OF,m+mw,0.11614194387992116,0.135463279265221,0.8490315703574522,0.17134915855328609,0.3323305373819655,0.469
PC,6,RandomForest,O,original,0.31424779427767824,0.4542154632477241,0.9112259482556265,0.0158712891856445,0.005424093281337729,14.383
PC,6,RandomForest,F,m,0.0047619047619047615,0.11107565552098717,0.7627967661305493,0.021211104933337648,0.008701891952811302,16.694
PC,6,RandomForest,OF,m,0.30607848111373864,0.4641105491037507,0.9113186837164511,0.015691935505029807,0.005245449056063465,19.346
PC,6,RandomForest,F,mw,0.0,0.11242887372435924,0.7624759544829383,0.021200060506397535,0.008617647711655744,16.584
PC,6,RandomForest,OF,mw,0.29699431190974285,0.4654003643290322,0.9191160552276761,0.01570966575466466,0.0055390754836604,19.082
PC,6,RandomForest,F,m+mw,0.0044444444444444444,0.11051026156261715,0.7581218345546581,0.02134085823616983,0.009286473827754247,21.354
PC,6,RandomForest,OF,m+mw,0.30325693228974504,0.45479507175446443,0.9136031941534591,0.015827495666056113,0.005875038530892867,24.182
PC,6,XGBoost,O,original,0.4448072841647158,0.4926046867005952,0.9227263926424693,0.014998535010819675,0.00871156269105181,3.672
PC,6,XGBoost,F,m,0.00909090909090909,0.1250162483409774,0.7928944905382938,0.020900098651540418,0.007681957705955103,2.983
PC,6,XGBoost,OF,m,0.48518786556502613,0.5256071900212744,0.9256769488223495,0.014495204571987613,0.00908113879333728,4.546
PC,6,XGBoost,F,mw,0.013852813852813853,0.13303180671184403,0.7924138553100493,0.020835045070412075,0.0071041495423267206,2.972
PC,6,XGBoost,OF,mw,0.48239533364517434,0.5280929296365959,0.9271820789782828,0.014503099899183516,0.008762618272547061,4.558
PC,6,XGBoost,F,m+mw,0.013695652173913043,0.1283975256280371,0.7896437785783292,0.020926060927898907,0.007940094184260695,3.715
PC,6,XGBoost,OF,m+mw,0.4666946170659367,0.5302648433488478,0.9274519431217382,0.014487356880522783,0.00891903495283686,5.271
PC,6,LightGBM,O,original,0.46713795743990616,0.44554695977400216,0.9079043799078557,0.018054409706908907,0.01475990032229794,13.578
PC,6,LightGBM,F,m,0.16336713216261062,0.11390491607367173,0.7627160018170499,0.03095465075429129,0.027685515336627074,12.925
PC,6,LightGBM,OF,m,0.49467753485107363,0.4840807701453559,0.9167424823849686,0.01710484271667048,0.014230756948400595,14.44
PC,6,LightGBM,F,mw,0.16023765961209122,0.11278039269363047,0.7643148543788629,0.031155927636219456,0.02887404644118812,12.986
PC,6,LightGBM,OF,mw,0.4945220682551862,0.4777338118552694,0.9126629596297088,0.017172823603437085,0.013866578740160118,14.497
PC,6,LightGBM,F,m+mw,0.17770477993968556,0.11321547496683315,0.7653428631458778,0.030416180564485508,0.026950330655364278,14.274
PC,6,LightGBM,OF,m+mw,0.49079617235526696,0.4779598142453826,0.9121163669161649,0.016977343018535658,0.013821340113725114,16.226
PC,7,Logit,O,original,0.116419832827323,0.13023074092708337,0.8490084611597067,0.17198350331315498,0.33457415393638723,0.406
PC,7,Logit,F,m,0.07905551747684467,0.05100138938538477,0.7315359397916821,0.21815269973783136,0.41342470939989495,0.253
PC,7,Logit,OF,m,0.11658635279024007,0.13275077168257243,0.8486319569221321,0.17155191348716745,0.3330502236053697,0.427
PC,7,Logit,F,mw,0.0769303127262346,0.04880188001926889,0.7194651426031764,0.22159917600079457,0.42303034510721843,0.261
PC,7,Logit,OF,mw,0.11670081529118681,0.13243987420914263,0.8485937488415523,0.17145693438302315,0.3331836111240106,0.424
PC,7,Logit,F,m+mw,0.0797663494441871,0.051420573825011084,0.7326714083935005,0.21765340593926222,0.41043777779614493,0.263
PC,7,Logit,OF,m+mw,0.11646905502372054,0.13581566178927248,0.8488989332073882,0.17133580996773554,0.332225496276187,0.51
PC,7,RandomForest,O,original,0.31424779427767824,0.4542154632477241,0.9112259482556265,0.0158712891856445,0.005424093281337729,15.629
PC,7,RandomForest,F,m,0.009206349206349208,0.1398389050391451,0.7627851901973675,0.02067568526391864,0.007021380737742329,17.244
PC,7,RandomForest,OF,m,0.312526232727964,0.46735471832422826,0.9112830237910652,0.015616284611566398,0.005645871160822475,19.282
PC,7,RandomForest,F,mw,0.008989898989898989,0.13764392866910585,0.7652155071441399,0.020690457835323497,0.00715418890985553,16.629
PC,7,RandomForest,OF,mw,0.3211395505805444,0.4671031007561526,0.910464231084077,0.015609959868668272,0.005216974179143486,19.532
PC,7,RandomForest,F,m+mw,0.028259370301344212,0.14024661632967939,0.7583377618536398,0.02075378684174698,0.007514049395197846,22.65
PC,7,RandomForest,OF,m+mw,0.30044310508662303,0.45936226497253313,0.912324063166144,0.01570169310038321,0.005404882231459215,24.683
PC,7,XGBoost,O,original,0.4448072841647158,0.4926046867005952,0.9227263926424693,0.014998535010819675,0.00871156269105181,3.735
PC,7,XGBoost,F,m,0.031389706500714834,0.15017792633468116,0.7968412539455996,0.020609717776301623,0.007947627438917294,3.416
PC,7,XGBoost,OF,m,0.45662781087498316,0.5263976463383347,0.9262635065151686,0.014607489601212515,0.0090028262129398,5.513
PC,7,XGBoost,F,mw,0.04064663559437078,0.15182335241254855,0.7970076308179154,0.02057100505684069,0.008123561466994292,3.508
PC,7,XGBoost,OF,mw,0.4617109210102101,0.525439926181028,0.9252409597296477,0.014569304501644556,0.009316646935160471,5.152
PC,7,XGBoost,F,m+mw,0.04038239538239538,0.1432090899203356,0.7933638940233809,0.020748761257085795,0.008702102986720944,4.821
PC,7,XGBoost,OF,m+mw,0.47133538400550795,0.5237736185026991,0.9232188225251186,0.014580857160985877,0.00981015365680806,6.194
PC,7,LightGBM,O,original,0.46713795743990616,0.44554695977400216,0.9079043799078557,0.018054409706908907,0.01475990032229794,14.287
PC,7,LightGBM,F,m,0.18120170250307238,0.12350109376238064,0.7588668751109384,0.027776910135070887,0.022342459625248993,13.714
PC,7,LightGBM,OF,m,0.5011355292662701,0.4812956500683998,0.9104464630747499,0.016809961536830637,0.013909830498834121,14.862
PC,7,LightGBM,F,mw,0.18347328883721287,0.12229439817138088,0.7609439438314756,0.027890589613784787,0.023100413488044272,13.222
PC,7,LightGBM,OF,mw,0.5065267914579106,0.4785935836383432,0.9097612633158377,0.017107455830868395,0.0142734124314119,14.648
PC,7,LightGBM,F,m+mw,0.1961042572571715,0.13051478848695738,0.760366368060984,0.027334997165009728,0.023002465042053215,13.889
PC,7,LightGBM,OF,m+mw,0.49473646219307277,0.47739593809273134,0.9095526214055745,0.01706334368681903,0.014035599220022696,15.421
PC,8,Logit,O,original,0.116419832827323,0.13023074092708337,0.8490084611597067,0.17198350331315498,0.33457415393638723,0.4
PC,8,Logit,F,m,0.07932708413290251,0.05104406681751113,0.7316997202314115,0.21808985962866392,0.4133064273069612,0.24
PC,8,Logit,OF,m,0.11662966940821844,0.13475635348013684,0.8491307979376284,0.17135924348376688,0.3328349409709839,0.491
PC,8,Logit,F,mw,0.07696771432546738,0.04867939235086225,0.7195250042840551,0.2215928721722924,0.4230394362885243,0.253
PC,8,Logit,OF,mw,0.1166834701585667,0.13333808772950126,0.8487419769998242,0.17143031132389536,0.33320082450721766,0.445
PC,8,Logit,F,m+mw,0.08009325360753056,0.05168319086243578,0.7330767321689292,0.21755444926053627,0.4103493383605669,0.255
PC,8,Logit,OF,m+mw,0.11619850929520274,0.1360151187045538,0.8495828016005792,0.17129967994531695,0.3322601277016268,0.508
PC,8,RandomForest,O,original,0.31424779427767824,0.4542154632477241,0.9112259482556265,0.0158712891856445,0.005424093281337729,14.526
PC,8,RandomForest,F,m,0.20723631231989895,0.36642822101871614,0.8837310806089409,0.01727451265982114,0.005849025254382049,14.798
PC,8,RandomForest,OF,m,0.3212969182297044,0.4689540479054336,0.9159339413638667,0.015547623837742584,0.0053662882667256905,18.97
PC,8,RandomForest,F,mw,0.19598650420838867,0.3668655693963732,0.8877668395989066,0.017294385059650197,0.005841173393082008,14.788
PC,8,RandomForest,OF,mw,0.32828624825332425,0.47305599525595704,0.9157096965568912,0.015518336724716234,0.005559096620160739,18.874
PC,8,RandomForest,F,m+mw,0.25713221747952486,0.3741143368504966,0.8818884353833326,0.017062891409783627,0.005918796260518231,21.818
PC,8,RandomForest,OF,m+mw,0.3204532933011738,0.4636219386148449,0.9149741555865807,0.015614644590223565,0.005469525502605407,23.354
PC,8,XGBoost,O,original,0.4448072841647158,0.4926046867005952,0.9227263926424693,0.014998535010819675,0.00871156269105181,3.735
PC,8,XGBoost,F,m,0.3334391947450571,0.4072938394676804,0.9083442798781892,0.016506374733153542,0.009334496546536033,3.631
PC,8,XGBoost,OF,m,0.46581316177186965,0.5270318080698712,0.9272686018568645,0.014521778283538306,0.009161436046821238,4.806
PC,8,XGBoost,F,mw,0.3548763319291034,0.4130084071322007,0.9079880251603191,0.01642311672448854,0.008997487341565266,3.365
PC,8,XGBoost,OF,mw,0.4551988830191315,0.5246224750228847,0.9268761102856674,0.014567163773211697,0.009185042761514972,4.816
PC,8,XGBoost,F,m+mw,0.3547994445064074,0.4131820494509788,0.907316733399966,0.016482452337761907,0.00942368430056502,4.292
PC,8,XGBoost,OF,m+mw,0.456879622661243,0.5192638399352181,0.9249240963864415,0.014681773074347638,0.009442323641727608,5.891
PC,8,LightGBM,O,original,0.46713795743990616,0.44554695977400216,0.9079043799078557,0.018054409706908907,0.01475990032229794,13.525
PC,8,LightGBM,F,m,0.40161704544718324,0.3723355174351691,0.8894783817213494,0.019602429854450914,0.014889656425732496,13.555
PC,8,LightGBM,OF,m,0.49361955444849387,0.4805464040934863,0.9115475237448868,0.016986816912518556,0.014217261143885662,14.75
PC,8,LightGBM,F,mw,0.4183806369514597,0.366719341705234,0.890036178689815,0.019739773486282603,0.015101477786801409,13.331
PC,8,LightGBM,OF,mw,0.5066874605658851,0.48185740492977924,0.9105486424216995,0.016861263868023807,0.013822115835623844,14.888
PC,8,LightGBM,F,m+mw,0.4135948275059653,0.3654664373968725,0.8883881371999329,0.02012286274010946,0.016531712214588608,14.473
PC,8,LightGBM,OF,m+mw,0.49110820758702634,0.48451971704497704,0.9099030292437582,0.016988835766863376,0.014424266659780336,15.651
PC,9,Logit,O,original,0.116419832827323,0.13023074092708337,0.8490084611597067,0.17198350331315498,0.33457415393638723,0.396
PC,9,Logit,F,m,0.0805688817442769,0.053193583391298115,0.7378659072399087,0.21690591277624374,0.41061722227676495,0.268
PC,9,Logit,OF,m,0.1170092749757641,0.1349666352597451,0.8496170313095316,0.17049146473423102,0.3317167487602501,0.509
PC,9,Logit,F,mw,0.07811905871002049,0.050270225753667575,0.7253324640802783,0.22024486083094708,0.4210416170164982,0.257
PC,9,Logit,OF,mw,0.11692243465049423,0.13419906013935592,0.8493955964459721,0.171094529733204,0.33292321825191734,0.429
PC,9,Logit,F,m+mw,0.0809366043123885,0.053526807594509306,0.7384637793502642,0.21642192432390567,0.4076869278488555,0.3
PC,9,Logit,OF,m+mw,0.11740137558559627,0.13809964317410023,0.8500937708824621,0.17025710427116503,0.33080498812862985,0.532
PC,9,RandomForest,O,original,0.31424779427767824,0.4542154632477241,0.9112259482556265,0.0158712891856445,0.005424093281337729,14.707
PC,9,RandomForest,F,m,0.22181194146147232,0.365096814368644,0.8900413165156159,0.017201479304729185,0.005513895740562197,18.603
PC,9,RandomForest,OF,m,0.32480862846810965,0.471491492962702,0.920396529070836,0.015557932329122916,0.005159239504903818,19.488
PC,9,RandomForest,F,mw,0.22998477943799736,0.36969969434099414,0.8825763968606868,0.017203620136627573,0.006082141689269373,18.383
PC,9,RandomForest,OF,mw,0.31980424495580184,0.46835847623414695,0.9133643734949406,0.015611040009564727,0.00499154938581913,19.266
PC,9,RandomForest,F,m+mw,0.2443266220646564,0.375459071618068,0.8914330653341545,0.017088185224645263,0.005467210132014811,22.357
PC,9,RandomForest,OF,m+mw,0.31612799628259947,0.4580380219411476,0.919040806446359,0.01571090035793871,0.0051238862774374335,24.264
PC,9,XGBoost,O,original,0.4448072841647158,0.4926046867005952,0.9227263926424693,0.014998535010819675,0.00871156269105181,3.753
PC,9,XGBoost,F,m,0.3428886284573042,0.41301933228128096,0.9080146495183354,0.016425626253014112,0.00839576361271616,3.649
PC,9,XGBoost,OF,m,0.47158066686644345,0.5230081809644427,0.925331934213621,0.014560749096930456,0.009068187342764544,4.987
PC,9,XGBoost,F,mw,0.3302820910453734,0.407298877072789,0.9062257018050431,0.016472568440940877,0.009004546649777994,3.61
PC,9,XGBoost,OF,mw,0.4579636634490301,0.5251840171583554,0.9247012035351538,0.014502271515854145,0.009317803612078995,4.99
PC,9,XGBoost,F,m+mw,0.3728235884986581,0.40610605116089893,0.9085579505419432,0.016512283179819565,0.009671039659878219,4.743
PC,9,XGBoost,OF,m+mw,0.4653405625332163,0.5258528919264189,0.9248826576519683,0.014495607364297202,0.009349501139074045,6.215
PC,9,LightGBM,O,original,0.46713795743990616,0.44554695977400216,0.9079043799078557,0.018054409706908907,0.01475990032229794,13.501
PC,9,LightGBM,F,m,0.4044919426177175,0.37236636400094125,0.8880617067138591,0.019535513936285925,0.014934744482014442,13.359
PC,9,LightGBM,OF,m,0.4961555650222548,0.4827938307992293,0.9112228350819624,0.01680418325015853,0.014577494356058606,14.667
PC,9,LightGBM,F,mw,0.3970469920385225,0.37204850686733665,0.889771935229952,0.019656543084772764,0.015093573536680416,13.384
PC,9,LightGBM,OF,mw,0.49654726526150234,0.4873922387096165,0.9113074537450373,0.016947797364709555,0.014825995211506293,14.856
PC,9,LightGBM,F,m+mw,0.4130055090097218,0.3621442328741803,0.887316534755009,0.01983776051042568,0.01605829183637685,14.509
PC,9,LightGBM,OF,m+mw,0.4945892919089185,0.4791849026248628,0.9107974387515156,0.01686812273576269,0.014465295979369913,15.905
PC,10,Logit,O,original,0.116419832827323,0.13023074092708337,0.8490084611597067,0.17198350331315498,0.33457415393638723,0.402
PC,10,Logit,F,m,0.08065044449809378,0.052788233764814986,0.7379109961226451,0.21688427725192833,0.4105684341294224,0.264
PC,10,Logit,OF,m,0.11750050108938863,0.1353731404791363,0.8497496029575009,0.17050031490258816,0.3317808550825013,0.507
PC,10,Logit,F,mw,0.07812849612228205,0.05026907475681499,0.7253382207373291,0.22024374551171558,0.42104639697045326,0.253
PC,10,Logit,OF,mw,0.11699218234512951,0.13256842193230164,0.8490223393007167,0.1711636020277985,0.33293123369615973,0.44
PC,10,Logit,F,m+mw,0.0809150352485503,0.05365441682646673,0.7386870153327237,0.21639442335193454,0.407627537262053,0.318
PC,10,Logit,OF,m+mw,0.1175114295908853,0.13758024033975172,0.8501174425092056,0.17020379375157266,0.3307292653158582,0.525
PC,10,RandomForest,O,original,0.31424779427767824,0.4542154632477241,0.9112259482556265,0.0158712891856445,0.005424093281337729,14.575
PC,10,RandomForest,F,m,0.24006403955353334,0.37225705433285877,0.8867966647469773,0.017105406636911128,0.005337846059000881,18.287
PC,10,RandomForest,OF,m,0.3176272630336921,0.46320605244478086,0.9177320018673886,0.015708704101734687,0.005174314853510704,19.257
PC,10,RandomForest,F,mw,0.243109468640987,0.3770448138544146,0.8878217411105942,0.01704159720418122,0.0054055051345345585,18.104
PC,10,RandomForest,OF,mw,0.3176596819329739,0.4644923125906858,0.9148735957600538,0.01567484380900776,0.005470938406218465,19.155
PC,10,RandomForest,F,m+mw,0.2428955856779961,0.37852844910420497,0.8909888768846447,0.017035111004727814,0.004984154736939511,22.062
PC,10,RandomForest,OF,m+mw,0.31408680984668824,0.4564440115138548,0.9142718124890067,0.01577694248963339,0.005355790669552811,23.704
PC,10,XGBoost,O,original,0.4448072841647158,0.4926046867005952,0.9227263926424693,0.014998535010819675,0.00871156269105181,3.756
PC,10,XGBoost,F,m,0.34975987127685615,0.4038488064275647,0.9070667512390127,0.01665820645347052,0.009441246134166963,3.727
PC,10,XGBoost,OF,m,0.46723192335413977,0.5213389963437732,0.9259697811788881,0.014614459011570782,0.009352959562543815,5.068
PC,10,XGBoost,F,mw,0.34382436376963404,0.4101730950111637,0.905713835266073,0.01658546896096119,0.009233056534108077,3.751
PC,10,XGBoost,OF,mw,0.46823930276083675,0.5133251554855387,0.9242749696207827,0.014649165079784542,0.00939451240075764,5.098
PC,10,XGBoost,F,m+mw,0.3623547492062145,0.41471719466065987,0.9079679743694413,0.01653007151490273,0.00983095323372601,4.987
PC,10,XGBoost,OF,m+mw,0.45960398612057257,0.5236559147052161,0.9249419252640724,0.014649705097952517,0.009507113027096028,6.623
PC,10,LightGBM,O,original,0.46713795743990616,0.44554695977400216,0.9079043799078557,0.018054409706908907,0.01475990032229794,13.518
PC,10,LightGBM,F,m,0.42173187923187927,0.3774671565555395,0.890250235321098,0.019122143025692023,0.014733658209653977,13.403
PC,10,LightGBM,OF,m,0.5012830937240158,0.48369982291661306,0.9136305987391324,0.016759075241398854,0.013901728061125643,14.782
PC,10,LightGBM,F,mw,0.4256730332626237,0.3793955487061993,0.8886989322269535,0.019157756222249564,0.014837701353871014,15.282
PC,10,LightGBM,OF,mw,0.4973895736003261,0.48865281241243974,0.9130281620721099,0.0166657521227378,0.014214692052684658,18.844
PC,10,LightGBM,F,m+mw,0.44357424764168607,0.38663258093255826,0.8883119552024716,0.018826700780950993,0.015086734813530114,15.847
PC,10,LightGBM,OF,m+mw,0.5020790076247823,0.4877874672007095,0.912609404014136,0.016698842312240024,0.014048026165743724,16.962
PC,11,Logit,O,original,0.116419832827323,0.13023074092708337,0.8490084611597067,0.17198350331315498,0.33457415393638723,0.42
PC,11,Logit,F,m,0.08089775386590745,0.054686755850032145,0.738275262476371,0.21672865884346598,0.4104957337959892,0.275
PC,11,Logit,OF,m,0.11741193262511349,0.13585316367032677,0.8500015147254579,0.1703540815952888,0.33145720749682067,0.496
PC,11,Logit,F,mw,0.0781387450114213,0.05040179162873597,0.7253370111082159,0.22022181211385305,0.42103590366205024,0.268
PC,11,Logit,OF,mw,0.11703125126358896,0.13319121283485086,0.8493537516572198,0.17107124244556907,0.3327646366250647,0.45
PC,11,Logit,F,m+mw,0.0808899996781983,0.05676142255107195,0.7394012641174627,0.21619589776043308,0.40746924183292654,0.341
PC,11,Logit,OF,m+mw,0.11763303593271501,0.13775764921469894,0.8502739971285426,0.1701845909556707,0.33073629002453886,0.65
PC,11,RandomForest,O,original,0.31424779427767824,0.4542154632477241,0.9112259482556265,0.0158712891856445,0.005424093281337729,15.761
PC,11,RandomForest,F,m,0.22786758607235677,0.376746145914053,0.8974579536098899,0.017058251507745884,0.005561841145178777,19.749
PC,11,RandomForest,OF,m,0.30419022726147316,0.455287956049109,0.9143195093992906,0.015805055063225056,0.005239110528797036,20.701
PC,11,RandomForest,F,mw,0.2194355869161051,0.3771966110661079,0.8951862306432086,0.017059324700381275,0.005514285191757233,19.742
PC,11,RandomForest,OF,mw,0.31538138733754373,0.46232998696084804,0.9173059089900979,0.015718412462149063,0.00530659203396846,20.771
PC,11,RandomForest,F,m+mw,0.2267315819944999,0.383257714690796,0.9004758458278788,0.016983365460712246,0.005748251885434604,23.414
PC,11,RandomForest,OF,m+mw,0.30392962618762726,0.45312821964841943,0.9095245364493912,0.0158215748593896,0.006065551677977399,24.85
PC,11,XGBoost,O,original,0.4448072841647158,0.4926046867005952,0.9227263926424693,0.014998535010819675,0.00871156269105181,3.831
PC,11,XGBoost,F,m,0.36702912599677684,0.4416246920334685,0.9163038386332664,0.01604714767853079,0.009494495585634269,3.875
PC,11,XGBoost,OF,m,0.4655943352421172,0.5264727451207798,0.9260620081912341,0.01450247489442318,0.009323072727101738,5.372
PC,11,XGBoost,F,mw,0.3516254896841159,0.440741453204163,0.9153930927269458,0.016110813581243076,0.009057042863856304,3.821
PC,11,XGBoost,OF,mw,0.465685719720941,0.5248230282850617,0.9247119839135243,0.014553231511517838,0.009467898190575943,5.313
PC,11,XGBoost,F,m+mw,0.35544549265879655,0.4422889518908475,0.914421255046471,0.0161450735855793,0.009834550837807925,5.362
PC,11,XGBoost,OF,m+mw,0.46523027165640557,0.5195209535773035,0.9258827418108376,0.014639706919324532,0.009559304992430007,7.099
PC,11,LightGBM,O,original,0.46713795743990616,0.44554695977400216,0.9079043799078557,0.018054409706908907,0.01475990032229794,14.582
PC,11,LightGBM,F,m,0.4329726597525257,0.4129940887455173,0.8988803144885569,0.018624600512879307,0.014682437169951764,14.293
PC,11,LightGBM,OF,m,0.5014766623217327,0.48375304000543623,0.9128780658041592,0.016685101677839504,0.014250631258292651,15.44
PC,11,LightGBM,F,mw,0.4306962705009939,0.4128863885411945,0.9000476703865484,0.01844105590816935,0.014533879552947234,13.781
PC,11,LightGBM,OF,mw,0.5162924167849167,0.4884522013779858,0.9125724701002648,0.01665822428924663,0.014067707510097907,15.149
PC,11,LightGBM,F,m+mw,0.44003111369614734,0.4065327300129411,0.9016224586864616,0.01872463473442685,0.014986240480197793,15.227
PC,11,LightGBM,OF,m+mw,0.5101131373864917,0.48678810938944617,0.9130953925918792,0.016543531937559745,0.013733716211223029,17.069
PC,12,Logit,O,original,0.116419832827323,0.13023074092708337,0.8490084611597067,0.17198350331315498,0.33457415393638723,0.427
PC,12,Logit,F,m,0.08081034482396218,0.054682755242913515,0.738385719681999,0.21669167437173115,0.4104371373354068,0.282
PC,12,Logit,OF,m,0.11725674575547478,0.13494629842699166,0.8499082196976826,0.1703651493708306,0.33140697841210476,0.448
PC,12,Logit,F,mw,0.0780926725438239,0.050406210939149265,0.7253688617743764,0.22019315465179065,0.4209701256952398,0.259
PC,12,Logit,OF,mw,0.11700433229355256,0.13424133947060243,0.8492876875527939,0.17115401776316974,0.3328498423240942,0.507
PC,12,Logit,F,m+mw,0.08093470512248617,0.05509855710770094,0.7393481216850782,0.21622937894935954,0.40756302191672383,0.335
PC,12,Logit,OF,m+mw,0.11752436497261128,0.13756093265730482,0.8501869413849683,0.17015127392585092,0.33052136154995826,0.56
PC,12,RandomForest,O,original,0.31424779427767824,0.4542154632477241,0.9112259482556265,0.0158712891856445,0.005424093281337729,14.767
PC,12,RandomForest,F,m,0.21969973737259316,0.37249687132652165,0.9013459276290924,0.01714449991727191,0.005435341175815916,19.006
PC,12,RandomForest,OF,m,0.31802658037004206,0.4611440119271625,0.9140410971800483,0.015687627873912223,0.005099523576842324,23.613
PC,12,RandomForest,F,mw,0.2230436880271689,0.37105364007344044,0.9007548430160526,0.017139687763776397,0.0057887531684429954,19.179
PC,12,RandomForest,OF,mw,0.31371864279761574,0.45741115634821855,0.9113880171176515,0.015705933290910273,0.005036663746759654,23.808
PC,12,RandomForest,F,m+mw,0.23380981328701692,0.37496211620053677,0.8953151393108785,0.0170615427122763,0.00571830548792459,23.522
PC,12,RandomForest,OF,m+mw,0.30949803816780397,0.454877525920874,0.9140121445622341,0.01580013249976866,0.005464935011748405,28.946
PC,12,XGBoost,O,original,0.4448072841647158,0.4926046867005952,0.9227263926424693,0.014998535010819675,0.00871156269105181,4.379
PC,12,XGBoost,F,m,0.35309866409384244,0.441395765773953,0.9144056244728173,0.016076365300083807,0.00916538683883097,4.369
PC,12,XGBoost,OF,m,0.4637319910378893,0.5250377647420541,0.9250585318248092,0.014623871974918767,0.009649222606913723,5.799
PC,12,XGBoost,F,mw,0.35671256199762086,0.4442325471820757,0.9138541525032015,0.016107699480691032,0.009051313543528866,3.993
PC,12,XGBoost,OF,mw,0.4646766291864668,0.5250074530083852,0.9242283681931959,0.014449198990111581,0.010352374885596326,5.492
PC,12,XGBoost,F,m+mw,0.34827420790869995,0.4456797950968442,0.9147927022455594,0.016098305605411162,0.009884923634060955,5.702
PC,12,XGBoost,OF,m+mw,0.46529888590803725,0.5266621875180784,0.9251296275762242,0.014488057669822007,0.009551501602776088,7.304
PC,12,LightGBM,O,original,0.46713795743990616,0.44554695977400216,0.9079043799078557,0.018054409706908907,0.01475990032229794,13.659
PC,12,LightGBM,F,m,0.4468353655450429,0.41405710128674844,0.9020215605806146,0.018398146705444842,0.014295228940075339,13.885
PC,12,LightGBM,OF,m,0.5115302925986488,0.488603335356362,0.9144909012180774,0.016581585674874368,0.014147398554381416,17.06
PC,12,LightGBM,F,mw,0.4524383921744783,0.4178203233361719,0.9043178611850087,0.018327778289992394,0.014597007847781627,15.281
PC,12,LightGBM,OF,mw,0.5162195662643935,0.4919969767832243,0.912240564611954,0.0165071951065888,0.01362724860774614,16.326
PC,12,LightGBM,F,m+mw,0.43440464092819014,0.41270490198836296,0.9015613145567596,0.018599222667088286,0.014799913323891852,17.805
PC,12,LightGBM,OF,m+mw,0.5047447110640294,0.48777637423213466,0.9135459094998568,0.01654599614890323,0.014082724192913038,20.152
PC,13,Logit,O,original,0.116419832827323,0.13023074092708337,0.8490084611597067,0.17198350331315498,0.33457415393638723,0.43
PC,13,Logit,F,m,0.08079644814402069,0.05410310086769193,0.7386303644496296,0.2166726472373503,0.4104468537600533,0.301
PC,13,Logit,OF,m,0.11737358563167133,0.13534352298046978,0.850230559783418,0.1702144601735867,0.3313229964205816,0.555
PC,13,Logit,F,mw,0.0780729731266945,0.050404405309169696,0.7253686826081154,0.2202056362708363,0.4209833252133054,0.279
PC,13,Logit,OF,mw,0.1172141258699505,0.13425989880070474,0.8493693907645972,0.17108497609032408,0.3327652288234332,0.514
PC,13,Logit,F,m+mw,0.08121482165750862,0.055144293100881384,0.7394852439254398,0.2161851449724356,0.4074245801005156,0.39
PC,13,Logit,OF,m+mw,0.11737461407007448,0.13744589154103298,0.8503383043552402,0.17009006647121233,0.3305317892597356,0.567
PC,13,RandomForest,O,original,0.31424779427767824,0.4542154632477241,0.9112259482556265,0.0158712891856445,0.005424093281337729,15.57
PC,13,RandomForest,F,m,0.2622107175088541,0.41520038769013323,0.9089700252685443,0.016455444272722754,0.005176913461334053,20.197
PC,13,RandomForest,OF,m,0.3307584360641366,0.4589453163091511,0.9101453653351239,0.015673910990550318,0.005818671351648089,33.559
PC,13,RandomForest,F,mw,0.2644843052854814,0.40828915298533364,0.9028093639404409,0.01651483703054054,0.005289582950369083,34.805
PC,13,RandomForest,OF,mw,0.3311704970875864,0.46725154375879174,0.9176246578249406,0.01558903021181518,0.005231139557799779,47.651
PC,13,RandomForest,F,m+mw,0.28591392739042937,0.40931218088118354,0.9017050945168389,0.016455410694964444,0.0056742000423917974,49.266
PC,13,RandomForest,OF,m+mw,0.3249014035853802,0.4553064052056617,0.9129754072427101,0.015727708399179738,0.005218914948173213,51.276
PC,13,XGBoost,O,original,0.4448072841647158,0.4926046867005952,0.9227263926424693,0.014998535010819675,0.00871156269105181,12.254
PC,13,XGBoost,F,m,0.37973307182704463,0.46430106471350613,0.9184129649470363,0.015730271178057052,0.009443572608648032,13.908
PC,13,XGBoost,OF,m,0.46904040799220903,0.5226022010419937,0.9274615915761052,0.014545202469732,0.009170466709397784,13.384
PC,13,XGBoost,F,mw,0.38343534420251085,0.46572916300143613,0.9193101430924713,0.01569889857506952,0.009752426833193356,15.056
PC,13,XGBoost,OF,mw,0.46834775486929353,0.5235055685108525,0.9264052402162264,0.014566227933086165,0.009474320060894808,11.455
PC,13,XGBoost,F,m+mw,0.38539527260838735,0.45740043118634777,0.917809346390744,0.015880664524763822,0.009575823807169842,9.916
PC,13,XGBoost,OF,m+mw,0.47165041545177866,0.5177289387227347,0.9240517416478623,0.014663363289421869,0.00964477221104965,12.218
PC,13,LightGBM,O,original,0.46713795743990616,0.44554695977400216,0.9079043799078557,0.018054409706908907,0.01475990032229794,26.003
PC,13,LightGBM,F,m,0.4481620487725998,0.4264114149481396,0.9030430598987387,0.01857767443071533,0.014644395913306612,23.54
PC,13,LightGBM,OF,m,0.49445977939179675,0.4951561672263082,0.9172654308551668,0.016679009967381853,0.013941964344743924,25.45
PC,13,LightGBM,F,mw,0.44095525027669985,0.42799321452126016,0.9073479230275406,0.018632385201688372,0.014324556214747361,23.641
PC,13,LightGBM,OF,mw,0.5035298859599483,0.49186908234159665,0.9151181833915741,0.0166488403532461,0.014015478798162399,25.954
PC,13,LightGBM,F,m+mw,0.424630387213025,0.42167008665387523,0.9034757552257335,0.0186820472728961,0.015577667409329463,25.134
PC,13,LightGBM,OF,m+mw,0.5193739855789127,0.49187150316286027,0.9171971753659989,0.01660435015877767,0.014131791364246346,27.865
PC,14,Logit,O,original,0.116419832827323,0.13023074092708337,0.8490084611597067,0.17198350331315498,0.33457415393638723,0.577
PC,14,Logit,F,m,0.08253496099209688,0.05671714111837002,0.7482804733734907,0.21407082015454665,0.4066442292856919,0.409
PC,14,Logit,OF,m,0.1181208406636473,0.13593951553694922,0.8501012325229759,0.17018752968762624,0.3312402295989896,0.767
PC,14,Logit,F,mw,0.07834444059429624,0.05077009811505763,0.7268109786425598,0.21987810613490516,0.42055285026984307,0.376
PC,14,Logit,OF,mw,0.11714079513074904,0.1339643322258502,0.8492170834235351,0.1711465787931142,0.332860713358647,0.735
PC,14,Logit,F,m+mw,0.08318433752155481,0.057122899587985235,0.7480133735903672,0.21368422067288292,0.40377307162021187,0.548
PC,14,Logit,OF,m+mw,0.11754795691014122,0.13940964376435122,0.8505995358090475,0.17002368690286554,0.33056000365153493,0.817
PC,14,RandomForest,O,original,0.31424779427767824,0.4542154632477241,0.9112259482556265,0.0158712891856445,0.005424093281337729,22.571
PC,14,RandomForest,F,m,0.28240136739247046,0.41766089274215545,0.9101711069454799,0.01642498170368759,0.005860455643048558,35.172
PC,14,RandomForest,OF,m,0.3320108545399204,0.4643859294342388,0.9181372177866148,0.015595044260116198,0.004904280508651552,41.335
PC,14,RandomForest,F,mw,0.2628873932551744,0.4111964179245211,0.9058884332698206,0.016469107470553957,0.00541743196991808,32.569
PC,14,RandomForest,OF,mw,0.3328751131078416,0.4655036786363086,0.9159285810112632,0.015615631179597102,0.005645350954690797,44.24
PC,14,RandomForest,F,m+mw,0.2820153137770026,0.41643312439810687,0.9063223387710806,0.01637603502028304,0.0060554729186440125,47.086
PC,14,RandomForest,OF,m+mw,0.32970244430714046,0.45875347501800395,0.9137028118317382,0.015690370387195614,0.005275945515285432,35.383
PC,14,XGBoost,O,original,0.4448072841647158,0.4926046867005952,0.9227263926424693,0.014998535010819675,0.00871156269105181,7.226
PC,14,XGBoost,F,m,0.39751918438677186,0.45300381698621683,0.9171798103916482,0.015816320891253434,0.00972010899330245,7.901
PC,14,XGBoost,OF,m,0.47034815683939907,0.5239385207487542,0.9265678327909826,0.01459968554502138,0.009291295353487945,9.913
PC,14,XGBoost,F,mw,0.3843175684742034,0.4568612646195291,0.9161650492765299,0.015825843514849343,0.00951580684849766,7.286
PC,14,XGBoost,OF,mw,0.46968705429110924,0.5227639141296787,0.9260036641293118,0.01459224670690408,0.010025462559520006,9.646
PC,14,XGBoost,F,m+mw,0.403106613978612,0.4663352632276016,0.9163887580943729,0.015728172265662418,0.009491907028829872,10.347
PC,14,XGBoost,OF,m+mw,0.4555102583713312,0.5205401616778362,0.9249533989707934,0.014671011209015709,0.009410108228381,11.532
PC,14,LightGBM,O,original,0.46713795743990616,0.44554695977400216,0.9079043799078557,0.018054409706908907,0.01475990032229794,23.153
PC,14,LightGBM,F,m,0.4282008777675471,0.4279997753922059,0.9020821021287861,0.018575707225251165,0.01489910807846417,23.435
PC,14,LightGBM,OF,m,0.5183188891698342,0.4936818414944556,0.9150281389786376,0.01677698217943705,0.014112686196308713,25.837
PC,14,LightGBM,F,mw,0.445012957395645,0.4282380320989031,0.9019417251430116,0.018591523331461995,0.015290361064798145,23.146
PC,14,LightGBM,OF,mw,0.510660471538372,0.48920556327384795,0.9144400059855998,0.016853802762007545,0.014157792863088756,24.745
PC,14,LightGBM,F,m+mw,0.42846323674688824,0.4331440342336247,0.9006296588260072,0.018634392282358095,0.016104181077338645,30.187
PC,14,LightGBM,OF,m+mw,0.49544910577034174,0.49450136056533645,0.9131335334091044,0.016698756537223265,0.013663252732855097,43.748
PC,15,Logit,O,original,0.116419832827323,0.13023074092708337,0.8490084611597067,0.17198350331315498,0.33457415393638723,0.572
PC,15,Logit,F,m,0.0833220613844458,0.058609923555057064,0.753030136402535,0.21283630390997624,0.40515926466822433,0.464
PC,15,Logit,OF,m,0.11741355803810427,0.1362976093860453,0.8502548132130189,0.17007766714357644,0.33101000928077595,0.672
PC,15,Logit,F,mw,0.07838719316165396,0.05087772082084289,0.7272775779502604,0.219773583978247,0.42042655701682624,0.533
PC,15,Logit,OF,mw,0.11707100746722103,0.1333148609406158,0.8495362733072136,0.17108667094663785,0.33277913383014834,1.003
PC,15,Logit,F,m+mw,0.0837821084493575,0.05869705138396962,0.7533133107855162,0.21236296257990964,0.4023581590981868,0.59
PC,15,Logit,OF,m+mw,0.11796991658838858,0.13895693869379744,0.8507225825843869,0.16993248423927276,0.3303718321905691,1.625
PC,15,RandomForest,O,original,0.31424779427767824,0.4542154632477241,0.9112259482556265,0.0158712891856445,0.005424093281337729,27.231
PC,15,RandomForest,F,m,0.28169199594731514,0.42101540614208266,0.9153275174350473,0.01636300848977032,0.005701901878619403,34.865
PC,15,RandomForest,OF,m,0.33128545159048073,0.4712905410574038,0.9172942632565084,0.015533518859387096,0.0052504097717470544,45.671
PC,15,RandomForest,F,mw,0.27610721457870846,0.4175475427081956,0.9084454853427614,0.016357580561414647,0.005624447359141059,36.109
PC,15,RandomForest,OF,mw,0.3370560309720479,0.46807586831667686,0.9142014981184545,0.015539578645147514,0.005096504333592185,30.86
PC,15,RandomForest,F,m+mw,0.28922500009278124,0.42068026393831526,0.9112821466416949,0.01626007669328034,0.005788108381696248,31.002
PC,15,RandomForest,OF,m+mw,0.32749883265537943,0.46290052162298156,0.91673212724603,0.015612318325081625,0.005378099900210458,32.413
PC,15,XGBoost,O,original,0.4448072841647158,0.4926046867005952,0.9227263926424693,0.014998535010819675,0.00871156269105181,5.887
PC,15,XGBoost,F,m,0.40795135211347366,0.4735847476032783,0.9209667702631359,0.015626470459733397,0.009522349192886427,6.75
PC,15,XGBoost,OF,m,0.4665766528412707,0.5278034661159656,0.9274172064634751,0.014464175037233618,0.009881331435386347,9.013
PC,15,XGBoost,F,mw,0.39958076359662015,0.47027867287230507,0.9201391853466732,0.01566128799683621,0.009491184133534645,7.267
PC,15,XGBoost,OF,mw,0.4664487978392172,0.5256994456964031,0.9271177833465462,0.014512262940263235,0.009193688469161862,8.274
PC,15,XGBoost,F,m+mw,0.40801226763419,0.47201239011681545,0.9198767588151142,0.015744602570653143,0.01039084594624005,9.019
PC,15,XGBoost,OF,m+mw,0.4773192571835113,0.5307917725895505,0.9255655941289929,0.014419562594049215,0.009103796561934937,13.595
PC,15,LightGBM,O,original,0.46713795743990616,0.44554695977400216,0.9079043799078557,0.018054409706908907,0.01475990032229794,22.992
PC,15,LightGBM,F,m,0.4351281188584277,0.43429093021191917,0.9088114578646076,0.018411933960865625,0.015171940544752252,24.392
PC,15,LightGBM,OF,m,0.5132612826311457,0.5014441487827181,0.9143958917295831,0.016433784160585274,0.013696415447248398,25.197
PC,15,LightGBM,F,mw,0.4360116790123345,0.43758940728833695,0.9059287001479156,0.01841883682820824,0.015293443482113988,25.224
PC,15,LightGBM,OF,mw,0.5079855164772659,0.5035435709919722,0.9162182168488027,0.016561103808800236,0.014046032035964967,27.379
PC,15,LightGBM,F,m+mw,0.43802195910204833,0.43576177038608827,0.9036304371225683,0.018763701680757312,0.01595383301630002,26.043
PC,15,LightGBM,OF,m+mw,0.5153355367328517,0.5003484444287911,0.9137719052507922,0.01658499760620375,0.013586052778674912,70.519
PC,16,Logit,O,original,0.116419832827323,0.13023074092708337,0.8490084611597067,0.17198350331315498,0.33457415393638723,0.615
PC,16,Logit,F,m,0.08328631129254392,0.05911993233141925,0.7534890481462035,0.21275485699580132,0.4051267528104619,0.507
PC,16,Logit,OF,m,0.11819721808587662,0.1401039259898627,0.8512006941787875,0.169727341450664,0.33057864796415465,0.812
PC,16,Logit,F,mw,0.078386565454427,0.050884901908948656,0.7272901997887696,0.2197694185721768,0.4204583244330425,0.375
PC,16,Logit,OF,mw,0.11697144406795101,0.1326457656899031,0.8495058854093438,0.17111780699349236,0.3327959076941774,0.782
PC,16,Logit,F,m+mw,0.08379023307772773,0.05936752163291219,0.7532785695982989,0.21232876278938226,0.40229236504881805,0.591
PC,16,Logit,OF,m+mw,0.1179766404476679,0.1406264112838326,0.8515259436562219,0.16962459684900252,0.32993330207833993,1.199
PC,16,RandomForest,O,original,0.31424779427767824,0.4542154632477241,0.9112259482556265,0.0158712891856445,0.005424093281337729,25.405
PC,16,RandomForest,F,m,0.28052588878716644,0.4172790728005418,0.9128888026961836,0.01633261187128212,0.005565660549242638,41.644
PC,16,RandomForest,OF,m,0.3405317007216821,0.4644376210403694,0.9124685853609881,0.01560437724112242,0.005163738787744644,42.909
PC,16,RandomForest,F,mw,0.2877296062683534,0.4205815942101805,0.906354720876452,0.016280212902135906,0.005157857160274759,25.951
PC,16,RandomForest,OF,mw,0.3336712732650124,0.47085687505683166,0.9156351684558718,0.015561435072749142,0.005017952035369015,27.073
PC,16,RandomForest,F,m+mw,0.2869298586944285,0.41776570779591565,0.9054650789944361,0.01633132324386663,0.005495752535692268,30.893
PC,16,RandomForest,OF,m+mw,0.33378431666167513,0.46030788015624163,0.9153485014106183,0.01564810300300244,0.005083850100602364,32.6
PC,16,XGBoost,O,original,0.4448072841647158,0.4926046867005952,0.9227263926424693,0.014998535010819675,0.00871156269105181,6.145
PC,16,XGBoost,F,m,0.3925082924292553,0.4680216175289395,0.919034083297932,0.015671877271047917,0.00941359422690281,7.509
PC,16,XGBoost,OF,m,0.4717354816881924,0.5253268051868722,0.9277736954918154,0.014526153772538866,0.009563289271623313,8.628
PC,16,XGBoost,F,mw,0.3978780122525768,0.4714754883542738,0.9219441075196171,0.015651028928243483,0.009432564880903459,6.248
PC,16,XGBoost,OF,mw,0.4704288588016284,0.5290173228708481,0.927562137375455,0.014491880590493871,0.010140028118626769,8.259
PC,16,XGBoost,F,m+mw,0.39213168759276373,0.46237395299155126,0.917657813794369,0.01582384478988214,0.009679911582307197,9.095
PC,16,XGBoost,OF,m+mw,0.47299797145468014,0.5288966677501306,0.9281387367999022,0.014549301720633775,0.009727117936920293,11.139
PC,16,LightGBM,O,original,0.46713795743990616,0.44554695977400216,0.9079043799078557,0.018054409706908907,0.01475990032229794,22.385
PC,16,LightGBM,F,m,0.44110716850291587,0.4264499321251698,0.908635983980016,0.018624938187981645,0.015430106020737272,23.451
PC,16,LightGBM,OF,m,0.5089394858879965,0.49652210717603007,0.9168312975642916,0.016573636308073854,0.013802539136952733,24.376
PC,16,LightGBM,F,mw,0.44640815412557594,0.4321668091383324,0.9073534391048745,0.018589322514394865,0.015693867045306297,23.603
PC,16,LightGBM,OF,mw,0.5135597186611175,0.5022829795972067,0.9160028779364355,0.01657558804833725,0.014298781191802215,25.28
PC,16,LightGBM,F,m+mw,0.4496384468450804,0.42982243036692014,0.9023470371138055,0.018617337543362707,0.016045932380445167,31.57
PC,16,LightGBM,OF,m+mw,0.5106874752468266,0.502227950988062,0.9158026112783301,0.016540974143227128,0.01362988149606105,79.819
PC,17,Logit,O,original,0.116419832827323,0.13023074092708337,0.8490084611597067,0.17198350331315498,0.33457415393638723,0.602
PC,17,Logit,F,m,0.08331527392524804,0.05637768565571619,0.7531335598909054,0.21282101435302364,0.40520145298613797,0.588
PC,17,Logit,OF,m,0.11802372088606657,0.13933801248909677,0.8515939476626354,0.16968041181385812,0.33064598374454107,1.004
PC,17,Logit,F,mw,0.07836626357369911,0.05088788632992043,0.7272959898258893,0.21977520149112895,0.42046029768819704,0.414
PC,17,Logit,OF,mw,0.11706827257776387,0.13325933811722743,0.8495269387554911,0.17119099520810313,0.3328866317849968,0.846
PC,17,Logit,F,m+mw,0.08376736431417939,0.058356962608532834,0.7536278181919831,0.2123104976332008,0.40220237650030166,0.703
PC,17,Logit,OF,m+mw,0.11769122036382036,0.14317845162538065,0.8521629536665858,0.1694209617986264,0.32983527552642095,1.221
PC,17,RandomForest,O,original,0.31424779427767824,0.4542154632477241,0.9112259482556265,0.0158712891856445,0.005424093281337729,25.711
PC,17,RandomForest,F,m,0.2882579300132492,0.4153735593840696,0.908628200647476,0.016381321552766847,0.005932887547315623,44.002
PC,17,RandomForest,OF,m,0.34495679761987036,0.4695165469090011,0.9171387757090692,0.015570206519528677,0.005485490891390714,28.605
PC,17,RandomForest,F,mw,0.278377829563477,0.41707580126153154,0.9050670162541141,0.016391107251052917,0.005517039486271436,26.365
PC,17,RandomForest,OF,mw,0.32256683019578514,0.46812709748051295,0.9143281602152387,0.015606315388605546,0.005287661251395866,27.236
PC,17,RandomForest,F,m+mw,0.28844152259921974,0.4164970674561596,0.9052900200333251,0.016364115245119,0.005863754293888952,31.215
PC,17,RandomForest,OF,m+mw,0.3341703359607815,0.458659501887139,0.9163100518025958,0.015711551167775232,0.005686056381091007,33.114
PC,17,XGBoost,O,original,0.4448072841647158,0.4926046867005952,0.9227263926424693,0.014998535010819675,0.00871156269105181,6.422
PC,17,XGBoost,F,m,0.39865475328187194,0.4659815089388437,0.9197151499249854,0.01571119960567404,0.009798993944660016,7.422
PC,17,XGBoost,OF,m,0.46072666168879034,0.522027510649542,0.9269371465172325,0.01463856556944768,0.009770636693314575,8.419
PC,17,XGBoost,F,mw,0.3958583349918736,0.46229569474034776,0.9188084539100254,0.015778486877040324,0.00993334666964263,6.446
PC,17,XGBoost,OF,mw,0.4784719748978663,0.523525344866394,0.9258123168897747,0.014642830770585018,0.00948560250807844,8.386
PC,17,XGBoost,F,m+mw,0.3962122612307054,0.4632586324887277,0.9187480225244679,0.01572964224794201,0.010487554569395539,9.484
PC,17,XGBoost,OF,m+mw,0.47178590251197833,0.529633544248413,0.9268926042540903,0.014492241370119901,0.010531629028197483,11.571
PC,17,LightGBM,O,original,0.46713795743990616,0.44554695977400216,0.9079043799078557,0.018054409706908907,0.01475990032229794,22.891
PC,17,LightGBM,F,m,0.4431918898634466,0.4361190442308536,0.906130364638336,0.018397487897791394,0.016024823898475322,23.53
PC,17,LightGBM,OF,m,0.5029262105589318,0.5003069939379822,0.9140273041456334,0.01649214881337938,0.014081612013840217,24.829
PC,17,LightGBM,F,mw,0.44059857910914324,0.43807624533879075,0.9055770672486272,0.01846247891880124,0.01602696243819151,23.867
PC,17,LightGBM,OF,mw,0.5155023451733041,0.49698089666002715,0.916727215259878,0.016575551237517853,0.014468330082909731,25.267
PC,17,LightGBM,F,m+mw,0.46157816313020783,0.42444876192335446,0.9046313283368571,0.01849467892689597,0.01603278466267962,35.645
PC,17,LightGBM,OF,m+mw,0.507325527442807,0.5002403711287305,0.9159609522555314,0.016596587771910445,0.013894210631485188,83.011
PC,18,Logit,O,original,0.116419832827323,0.13023074092708337,0.8490084611597067,0.17198350331315498,0.33457415393638723,0.675
PC,18,Logit,F,m,0.08347205350890882,0.058406975782976586,0.7528856849306635,0.21291452179180964,0.40492525320432327,0.587
PC,18,Logit,OF,m,0.11799366712980455,0.14089330095621974,0.8517971112578158,0.169550182353733,0.33043373031094075,0.847
PC,18,Logit,F,mw,0.07831612059102504,0.050920278067903633,0.7273566316610389,0.21975792615703513,0.420410936487583,0.399
PC,18,Logit,OF,mw,0.11708310595128195,0.13438305572497805,0.8490336547875892,0.17115100265025526,0.3328902707937455,0.951
PC,18,Logit,F,m+mw,0.08388670835345131,0.05829285938288683,0.7536122457608738,0.21230111397708623,0.4021859795001307,0.498
PC,18,Logit,OF,m+mw,0.11762501215302021,0.14420239869891568,0.8522865815109242,0.16938620360170986,0.32967618509866764,1.645
PC,18,RandomForest,O,original,0.31424779427767824,0.4542154632477241,0.9112259482556265,0.0158712891856445,0.005424093281337729,25.735
PC,18,RandomForest,F,m,0.26754565031022015,0.41271937025232786,0.9103281635238911,0.016431950218672588,0.006453783639892306,39.493
PC,18,RandomForest,OF,m,0.3264475351641958,0.4654590990830415,0.9200051658172528,0.015649176299585274,0.005390664410147522,27.46
PC,18,RandomForest,F,mw,0.2714959073361074,0.4145794177616372,0.9073582690142181,0.01642749059646916,0.006029908491864901,26.495
PC,18,RandomForest,OF,mw,0.3413117313829187,0.464640780888514,0.9132194499949293,0.015617407102447156,0.005302203732604045,27.39
PC,18,RandomForest,F,m+mw,0.27866383472384293,0.41626388907934436,0.909373992863358,0.0163814285738849,0.005984083693163416,36.294
PC,18,RandomForest,OF,m+mw,0.3208171216433258,0.4631497999085822,0.9174669117552089,0.015656633014855575,0.005270659827081481,37.781
PC,18,XGBoost,O,original,0.4448072841647158,0.4926046867005952,0.9227263926424693,0.014998535010819675,0.00871156269105181,6.692
PC,18,XGBoost,F,m,0.3929444671193997,0.46456763484810937,0.9181933025190009,0.01569884021216772,0.009880650110520313,7.358
PC,18,XGBoost,OF,m,0.4642255589553179,0.5319329665700082,0.9272984525704617,0.014496128966012229,0.009707970257328618,8.724
PC,18,XGBoost,F,mw,0.39643756407137315,0.47598183967356683,0.9186962943418567,0.015624161871853792,0.00990147158290195,6.818
PC,18,XGBoost,OF,mw,0.47225055513393477,0.5308856515390367,0.9250768268492298,0.014392426113818666,0.009571675456072598,8.641
PC,18,XGBoost,F,m+mw,0.40448482816747566,0.4544827661351579,0.9165882866168367,0.015844841291485737,0.010310287725998981,9.971
PC,18,XGBoost,OF,m+mw,0.46791511625739995,0.5262217380952181,0.9275563771958844,0.01453814288547336,0.009908451199972626,12.11
PC,18,LightGBM,O,original,0.46713795743990616,0.44554695977400216,0.9079043799078557,0.018054409706908907,0.01475990032229794,22.754
PC,18,LightGBM,F,m,0.45448990885627005,0.4363777969128716,0.9079447938826041,0.018222736326936672,0.015167881869504874,23.562
PC,18,LightGBM,OF,m,0.5058065789334079,0.49166931885239373,0.9161633149177675,0.016767327482311935,0.014114342181667136,25.238
PC,18,LightGBM,F,mw,0.45360657137849936,0.43345513346980064,0.9081720705517444,0.018276085382521123,0.015592672630721177,24.067
PC,18,LightGBM,OF,mw,0.5105869051503527,0.49244390904084134,0.9149668509498072,0.016682582890842273,0.013751542276826562,25.839
PC,18,LightGBM,F,m+mw,0.456922250761438,0.4304273852397856,0.9031419855696117,0.018394786807121553,0.0156275869143784,38.866
PC,18,LightGBM,OF,m+mw,0.5087738123098867,0.4944243933776371,0.9148204305570944,0.016753548867920333,0.014188593561175147,86.445
PC,19,Logit,O,original,0.116419832827323,0.13023074092708337,0.8490084611597067,0.17198350331315498,0.33457415393638723,0.627
PC,19,Logit,F,m,0.08361352129378608,0.05690939385080797,0.7561993324103661,0.21208094308212874,0.4039731050917452,0.591
PC,19,Logit,OF,m,0.11821924737138859,0.14160394564862375,0.8522242862301311,0.1694475299911775,0.33018258339950207,0.918
PC,19,Logit,F,mw,0.0783554990861091,0.050909686637758814,0.7273079290503787,0.21972846734340162,0.42034037064529234,0.353
PC,19,Logit,OF,mw,0.11704055801425492,0.13269462792854853,0.8491112052840011,0.1711775185038061,0.33285484655188097,0.921
PC,19,Logit,F,m+mw,0.08395290184601448,0.057761253782089496,0.7565907717755382,0.21151158655552896,0.4011548688939997,0.686
PC,19,Logit,OF,m+mw,0.11830028659961933,0.14500585997551754,0.8525828840107692,0.16927298622178796,0.3295255739720885,1.413
PC,19,RandomForest,O,original,0.31424779427767824,0.4542154632477241,0.9112259482556265,0.0158712891856445,0.005424093281337729,26.328
PC,19,RandomForest,F,m,0.2728591129367527,0.43758124821642647,0.9104637522205714,0.01616427519814883,0.005462334059245977,36.401
PC,19,RandomForest,OF,m,0.3361823529952791,0.4664805776613184,0.9225702108336303,0.015618095063723686,0.005630460523107282,27.398
PC,19,RandomForest,F,mw,0.272750100040016,0.4368297233892422,0.9129378556927291,0.016168196995520412,0.005595717850073091,26.503
PC,19,RandomForest,OF,mw,0.33043871508907474,0.4697497617018279,0.917620753331876,0.015630610380535162,0.004983548012149815,27.49
PC,19,RandomForest,F,m+mw,0.2985757031909754,0.43552385777513275,0.9123861172906171,0.01612021450648257,0.0053600292240800415,36.432
PC,19,RandomForest,OF,m+mw,0.34715408628942723,0.4668818093616596,0.9173912862844285,0.015607456017532887,0.005802295956647821,37.818
PC,19,XGBoost,O,original,0.4448072841647158,0.4926046867005952,0.9227263926424693,0.014998535010819675,0.00871156269105181,6.788
PC,19,XGBoost,F,m,0.4205810631671981,0.484856438971614,0.9228984507941049,0.015299601511729623,0.009204071723420379,7.616
PC,19,XGBoost,OF,m,0.4643073154629347,0.5224813548601774,0.9270421909098726,0.01455308575087966,0.009758177529092648,8.935
PC,19,XGBoost,F,mw,0.4127881101196157,0.48892555987310893,0.9226951683977503,0.015267783373215627,0.009914696334896007,7.022
PC,19,XGBoost,OF,mw,0.47007657328833846,0.5262626379625115,0.9257466681072095,0.014468423624501053,0.009470168322652758,8.901
PC,19,XGBoost,F,m+mw,0.43422405959240695,0.4950782830579664,0.9211902686313873,0.015190986347458338,0.009864141765402356,10.551
PC,19,XGBoost,OF,m+mw,0.4683475638606801,0.525910963006458,0.9269893732412351,0.014613821493316099,0.010297835234859682,12.715
PC,19,LightGBM,O,original,0.46713795743990616,0.44554695977400216,0.9079043799078557,0.018054409706908907,0.01475990032229794,22.79
PC,19,LightGBM,F,m,0.4624238544345138,0.46595381166947886,0.912539970682403,0.017560772018512555,0.014753942162366765,23.831
PC,19,LightGBM,OF,m,0.5066052761542755,0.5031327507932788,0.9160721438646074,0.016423791881873352,0.014063845023905114,25.6
PC,19,LightGBM,F,mw,0.4685290059276703,0.46807779395087523,0.9141970970863829,0.017392018381584006,0.014628685047811502,24.264
PC,19,LightGBM,OF,mw,0.5105434939793957,0.49945390764106107,0.9160665826025698,0.016740030292577972,0.014244465010428456,26.502
PC,19,LightGBM,F,m+mw,0.4708851261056582,0.46105234765602654,0.9123217454634223,0.017812621956011243,0.015295423055594278,41.192
PC,19,LightGBM,OF,m+mw,0.5082240990336344,0.49374028107417267,0.9116080797815179,0.016504122594502887,0.014088128640795072,89.24
PC,20,Logit,O,original,0.116419832827323,0.13023074092708337,0.8490084611597067,0.17198350331315498,0.33457415393638723,0.705
PC,20,Logit,F,m,0.08336563887703416,0.056912692067342875,0.7560304840920152,0.21203006521033188,0.40385752063018876,0.601
PC,20,Logit,OF,m,0.11819143462693238,0.14318929845053113,0.8523289766724312,0.16941415152608902,0.33026065039007335,0.974
PC,20,Logit,F,mw,0.0783554990861091,0.050914484436133424,0.7273222286566916,0.2197296639393746,0.4203416336420154,0.346
PC,20,Logit,OF,mw,0.11710036029714592,0.13288732575415335,0.8490823151699465,0.1711839936549336,0.3328624194269464,0.898
PC,20,Logit,F,m+mw,0.08383567351319446,0.057563019535709414,0.756607981381604,0.21150117943468677,0.4011527271990736,0.701
PC,20,Logit,OF,m+mw,0.11825596524494923,0.14492707988008555,0.8527165321449894,0.1692473195583919,0.32942770886967254,1.565
PC,20,RandomForest,O,original,0.31424779427767824,0.4542154632477241,0.9112259482556265,0.0158712891856445,0.005424093281337729,26.072
PC,20,RandomForest,F,m,0.2902906405333546,0.4458583557284076,0.9156402034890929,0.016032927513347475,0.005153531852621601,33.056
PC,20,RandomForest,OF,m,0.34952072932642986,0.4752476312339847,0.9189208332897213,0.015505047475061994,0.004990461845506282,27.458
PC,20,RandomForest,F,mw,0.28862114455592713,0.4410120159241143,0.9165170332850782,0.016116195732402715,0.004813301333153263,26.605
PC,20,RandomForest,OF,mw,0.34220048558431604,0.47178473104795354,0.9224569901692679,0.015544481527953891,0.00522613827916812,27.565
PC,20,RandomForest,F,m+mw,0.30541674204020386,0.447299731884885,0.9124995791322672,0.01593916274577708,0.005444856352454659,36.358
PC,20,RandomForest,OF,m+mw,0.3417034593036738,0.4721963241562509,0.9189655775630852,0.015513704833469949,0.005374093156288179,38.203
PC,20,XGBoost,O,original,0.4448072841647158,0.4926046867005952,0.9227263926424693,0.014998535010819675,0.00871156269105181,7.141
PC,20,XGBoost,F,m,0.4371042579597665,0.49887823020268585,0.9228069563400776,0.015114523995784349,0.009684640479320574,7.909
PC,20,XGBoost,OF,m,0.4824001458168229,0.5307904661423468,0.9264872852172893,0.014435064616948204,0.009927518311012745,9.281
PC,20,XGBoost,F,mw,0.43388862814486,0.5004419529982422,0.9221349410793142,0.015005717251337678,0.009769059512008172,7.301
PC,20,XGBoost,OF,mw,0.47022516065553593,0.5277586778039136,0.9277192433110788,0.01452770028075368,0.009501647785111356,9.237
PC,20,XGBoost,F,m+mw,0.4358864911538703,0.49990084070961166,0.923000452652184,0.015077348665871626,0.009563787159284128,11.028
PC,20,XGBoost,OF,m+mw,0.4820099309464908,0.5246036285479094,0.9257121740624988,0.014618620787194257,0.010513132769706888,13.358
PC,20,LightGBM,O,original,0.46713795743990616,0.44554695977400216,0.9079043799078557,0.018054409706908907,0.01475990032229794,22.715
PC,20,LightGBM,F,m,0.47994788964953183,0.46463606293988285,0.9116177341906206,0.017364574963947603,0.013696411348617057,23.832
PC,20,LightGBM,OF,m,0.5125885514733113,0.4985513446746868,0.9171305757546906,0.01644847788360378,0.013448319545635407,25.738
PC,20,LightGBM,F,mw,0.46930441224532016,0.46980584339665477,0.9111171180348083,0.017448022392164482,0.014848668807305631,24.588
PC,20,LightGBM,OF,mw,0.5075649157408756,0.4969332767018596,0.9160005598248494,0.016643106781021644,0.014210219197333878,26.471
PC,20,LightGBM,F,m+mw,0.46648493863954005,0.4578090037342698,0.9096549247955439,0.017784897842592705,0.015012113354853992,53.788
PC,20,LightGBM,OF,m+mw,0.5062382755480282,0.49319612531282075,0.9186089151764479,0.016787734147512987,0.014574660649313767,117.791
PC,21,Logit,O,original,0.116419832827323,0.13023074092708337,0.8490084611597067,0.17198350331315498,0.33457415393638723,0.665
PC,21,Logit,F,m,0.08327862948100712,0.05686422917218582,0.7560385466366696,0.21204386085999777,0.40382738976618054,0.512
PC,21,Logit,OF,m,0.11836839829618595,0.14234846405582563,0.8523989078536325,0.16936444680369425,0.33014376643875976,1.014
PC,21,Logit,F,mw,0.0783554990861091,0.050911637072655794,0.7273120022155307,0.2197279080754027,0.42032177676119176,0.535
PC,21,Logit,OF,mw,0.11707610143802334,0.1331391383063859,0.8491061302764706,0.1711431091053366,0.3328679491330472,0.808
PC,21,Logit,F,m+mw,0.08416542703871036,0.057821704303076316,0.7568928865379255,0.21148009170085524,0.40106729571903543,0.626
PC,21,Logit,OF,m+mw,0.11834445029376717,0.1450230203593234,0.8527363833683456,0.16919126576469937,0.329362140280429,1.463
PC,21,RandomForest,O,original,0.31424779427767824,0.4542154632477241,0.9112259482556265,0.0158712891856445,0.005424093281337729,19.388
PC,21,RandomForest,F,m,0.3007691692915692,0.43968978908161516,0.913562916456196,0.016127014596721452,0.0051890189612634,27.945
PC,21,RandomForest,OF,m,0.3444741878181859,0.47229143470465534,0.9213538522503215,0.015576809702836935,0.005568356226779862,28.946
PC,21,RandomForest,F,mw,0.2919375300583954,0.43554452583067,0.9143685677425181,0.016147346832471425,0.005171094749419457,27.442
PC,21,RandomForest,OF,mw,0.33991802108336416,0.4704363709228335,0.9170723587655744,0.015581830410651781,0.0046641251127009075,28.267
PC,21,RandomForest,F,m+mw,0.31166340390849295,0.44611313003707026,0.9159293889368287,0.01594170741992452,0.005646727672090066,37.084
PC,21,RandomForest,OF,m+mw,0.3447731601824217,0.4748952256686018,0.9169142113906752,0.015492459773513378,0.005212620188249593,38.639
PC,21,XGBoost,O,original,0.4448072841647158,0.4926046867005952,0.9227263926424693,0.014998535010819675,0.00871156269105181,6.86
PC,21,XGBoost,F,m,0.429959525816025,0.49573774651866687,0.9243695899756735,0.01515562600170573,0.00992185174872597,7.693
PC,21,XGBoost,OF,m,0.4907135890186467,0.5315276512796847,0.9274020121161597,0.014483782633715076,0.010245067683217137,9.707
PC,21,XGBoost,F,mw,0.4353629549036251,0.5040490618579165,0.9230515522746806,0.015074146264316557,0.009929002869378707,7.64
PC,21,XGBoost,OF,mw,0.48353059734030446,0.532659644373107,0.9268057193317599,0.01445505805819983,0.00997709165491401,9.747
PC,21,XGBoost,F,m+mw,0.4282511299840914,0.4976116564204542,0.9222093764101611,0.015090881121890564,0.009994619423935532,11.769
PC,21,XGBoost,OF,m+mw,0.4666292570376303,0.534351518084252,0.9288108835051702,0.014481539751517494,0.010145152963753264,14.917
PC,21,LightGBM,O,original,0.46713795743990616,0.44554695977400216,0.9079043799078557,0.018054409706908907,0.01475990032229794,25.991
PC,21,LightGBM,F,m,0.4751192059179711,0.47060555905073737,0.910532594764925,0.01749327966233667,0.01456370222175038,25.405
PC,21,LightGBM,OF,m,0.5154140450314086,0.49654321918385386,0.915912872208315,0.01645511351023558,0.013804134958762223,28.608
PC,21,LightGBM,F,mw,0.4744388865839217,0.4625027965177074,0.9113120413238877,0.017503212992617073,0.014699909676185174,27.653
PC,21,LightGBM,OF,mw,0.5134086538595257,0.4979093765915145,0.915769165162299,0.016616319933656445,0.013592920124054622,29.115
PC,21,LightGBM,F,m+mw,0.4678198572939217,0.45963951042262396,0.908704840436226,0.017668318424681955,0.015017441750408112,19.396
PC,21,LightGBM,OF,m+mw,0.5066646932756924,0.49929139539320444,0.9138054450700439,0.01656479620829593,0.013810266582789004,19.405
PC,22,Logit,O,original,0.116419832827323,0.13023074092708337,0.8490084611597067,0.17198350331315498,0.33457415393638723,0.423
PC,22,Logit,F,m,0.08333262136384081,0.059117619139296626,0.7572395083172899,0.21172223727679884,0.40345353600088557,0.336
PC,22,Logit,OF,m,0.11873924701144467,0.1437532915126029,0.8529897269148057,0.16909330512850623,0.32973915693342953,0.532
PC,22,Logit,F,mw,0.07836498250642318,0.05092337823846871,0.7273051712318692,0.2197330920310089,0.42035259313008594,0.311
PC,22,Logit,OF,mw,0.11706224488805612,0.1332479562886429,0.8494318332573643,0.17114769312916134,0.33288866385487,0.512
PC,22,Logit,F,m+mw,0.08423041744819802,0.0620534144755477,0.7576820697819898,0.21113754491019043,0.40070585908620393,0.388
PC,22,Logit,OF,m+mw,0.11867625320425504,0.14611845599930712,0.8532028998548956,0.16887408337089685,0.3288343808530203,0.834
PC,22,RandomForest,O,original,0.31424779427767824,0.4542154632477241,0.9112259482556265,0.0158712891856445,0.005424093281337729,14.836
PC,22,RandomForest,F,m,0.28843957271915055,0.4354728965003748,0.9101392312652352,0.016208230909740176,0.005547220820625173,24.3
PC,22,RandomForest,OF,m,0.32527774849117524,0.4654310296645849,0.9160170118375452,0.01564440811624731,0.005125300118922123,25.62
PC,22,RandomForest,F,mw,0.2964700546885421,0.4340808893445821,0.9154229234481465,0.01619497027787104,0.005405377427680718,24.261
PC,22,RandomForest,OF,mw,0.3423232791564027,0.46864796538930964,0.9186576965091359,0.015610118296679746,0.005095674864289975,25.692
PC,22,RandomForest,F,m+mw,0.30650186614496955,0.4394678576390117,0.912355880682877,0.016092748778265886,0.005353160564873831,34.379
PC,22,RandomForest,OF,m+mw,0.3531802201623913,0.4664216117432625,0.9164353314256706,0.015577095439497587,0.0044587931249007425,36.055
PC,22,XGBoost,O,original,0.4448072841647158,0.4926046867005952,0.9227263926424693,0.014998535010819675,0.00871156269105181,3.896
PC,22,XGBoost,F,m,0.4192556965932691,0.4908091637280821,0.9221836836957351,0.015206099074141591,0.009842740702736115,5.394
PC,22,XGBoost,OF,m,0.4640795515918252,0.5247717636599568,0.9260101439093603,0.014549259047788704,0.01006187772254264,7.162
PC,22,XGBoost,F,mw,0.4238278239341787,0.4919137787258151,0.9228569101581655,0.015142608287966597,0.009357579573619986,5.344
PC,22,XGBoost,OF,mw,0.4727436737406827,0.524644145922681,0.9276737409306438,0.014628079664380173,0.009947005044781356,7.139
PC,22,XGBoost,F,m+mw,0.43020623379133205,0.49913636644908205,0.922504232726913,0.015117649852160039,0.010150418145347102,9.061
PC,22,XGBoost,OF,m+mw,0.46740563010422287,0.5308626226903648,0.9272256325036592,0.014514794219165506,0.009739717874937123,11.424
PC,22,LightGBM,O,original,0.46713795743990616,0.44554695977400216,0.9079043799078557,0.018054409706908907,0.01475990032229794,14.588
PC,22,LightGBM,F,m,0.47544864022508193,0.46414779007591,0.9077162283905569,0.01737294554168984,0.014022048547467986,15.555
PC,22,LightGBM,OF,m,0.5114220382723456,0.5037975372165882,0.9158400363530754,0.016578570041424295,0.013702218842567861,16.944
PC,22,LightGBM,F,mw,0.4773146104499609,0.4648222299906748,0.9067921584901099,0.017565356170580367,0.014302124820157181,15.617
PC,22,LightGBM,OF,mw,0.5041891566262471,0.4972149708866122,0.9153320108284273,0.01657238323537064,0.014169500639824912,16.986
PC,22,LightGBM,F,m+mw,0.47980632460066996,0.4655835524149577,0.9097873181788492,0.01754261743332817,0.014880610322117235,18.139
PC,22,LightGBM,OF,m+mw,0.4906779713596544,0.49352554966153334,0.9099727646944682,0.016610842447635183,0.013924632898432371,19.582
PC,23,Logit,O,original,0.116419832827323,0.13023074092708337,0.8490084611597067,0.17198350331315498,0.33457415393638723,0.412
PC,23,Logit,F,m,0.08326202944515515,0.062458332026777974,0.7586620798761898,0.21133443398777038,0.4021883057695231,0.324
PC,23,Logit,OF,m,0.11876354704338084,0.1434012468633552,0.8531412665981554,0.16909833726048915,0.3296664129798893,0.548
PC,23,Logit,F,mw,0.07832694401228035,0.05094173926847506,0.727462815421102,0.21972679846375928,0.42031584527274457,0.3
PC,23,Logit,OF,mw,0.11698561862789025,0.13586037985510857,0.8495001200508303,0.17106997167507035,0.3328159582748976,0.558
PC,23,Logit,F,m+mw,0.08387648392926442,0.06238933342275277,0.7587873566372174,0.2108614371358592,0.39974693227003977,0.498
PC,23,Logit,OF,m+mw,0.11916661410959986,0.145815231814079,0.8532598425410157,0.16887493447364701,0.32878272999010094,0.782
PC,23,RandomForest,O,original,0.31424779427767824,0.4542154632477241,0.9112259482556265,0.0158712891856445,0.005424093281337729,14.629
PC,23,RandomForest,F,m,0.297325487831699,0.4329763022315497,0.9182587260385203,0.016216420796389006,0.005105862025952783,24.537
PC,23,RandomForest,OF,m,0.35365837737884326,0.4693870644446615,0.9107251235792209,0.015550219037379501,0.005107916590073816,30.057
PC,23,RandomForest,F,mw,0.28057618699653775,0.43493673555249596,0.914826444473413,0.016202822973095277,0.004751811577212471,24.72
PC,23,RandomForest,OF,mw,0.348479324388586,0.46634160908652095,0.9147411809795368,0.015562250364363128,0.00522057333968585,29.926
PC,23,RandomForest,F,m+mw,0.31041680535531296,0.4369823690210121,0.9137472757083309,0.01608492649821867,0.005456339574556418,36.141
PC,23,RandomForest,OF,m+mw,0.3320130173354128,0.46509790013647195,0.9173983751354114,0.0156610942658294,0.005336980794264727,37.692
PC,23,XGBoost,O,original,0.4448072841647158,0.4926046867005952,0.9227263926424693,0.014998535010819675,0.00871156269105181,3.901
PC,23,XGBoost,F,m,0.4173906100253123,0.4905054672743251,0.9219756286624351,0.015225303541232183,0.009788411283363345,5.613
PC,23,XGBoost,OF,m,0.48496979605843266,0.5247645971925486,0.9268571280344033,0.01452968132208903,0.00971122293345012,7.345
PC,23,XGBoost,F,mw,0.4113699706198982,0.49216206601505313,0.9225132797110204,0.01529242254611081,0.009947109338924443,5.573
PC,23,XGBoost,OF,mw,0.48120066146128854,0.5229668399189565,0.9247922363084434,0.014514863333178552,0.009729556893629407,7.473
PC,23,XGBoost,F,m+mw,0.4204157139107302,0.5021207050923266,0.9234469886934159,0.01505760963647734,0.010099943847520361,9.111
PC,23,XGBoost,OF,m+mw,0.4867776558362091,0.5297052866540577,0.9260259482606585,0.014530339200008796,0.009593636856220887,11.31
PC,23,LightGBM,O,original,0.46713795743990616,0.44554695977400216,0.9079043799078557,0.018054409706908907,0.01475990032229794,13.809
PC,23,LightGBM,F,m,0.47765006160167145,0.4694920346272915,0.9084943657043846,0.01730360727496554,0.014349754775809354,15.056
PC,23,LightGBM,OF,m,0.5033883577040306,0.4982481535685636,0.9134318438920193,0.016530261042393433,0.014050696276785717,16.556
PC,23,LightGBM,F,mw,0.4681146693698584,0.465546044962412,0.9092707306875252,0.017453456161853183,0.014369550549085855,15.097
PC,23,LightGBM,OF,mw,0.5061095150897987,0.49480466451818916,0.9156622826433338,0.016523000079324057,0.014106557544645293,16.632
PC,23,LightGBM,F,m+mw,0.48368319989735564,0.4672540336749339,0.9091453711053468,0.017410297644132343,0.014381534291114237,18.009
PC,23,LightGBM,OF,m+mw,0.5212263399949968,0.5012418150782073,0.9150364713525038,0.01638564530559288,0.013912269007120953,19.124
PC,24,Logit,O,original,0.116419832827323,0.13023074092708337,0.8490084611597067,0.17198350331315498,0.33457415393638723,0.419
PC,24,Logit,F,m,0.08350856020945531,0.06250722924736576,0.7586906692760822,0.211326138840055,0.4021713975688385,0.317
PC,24,Logit,OF,m,0.11877998902310119,0.1434038969839351,0.8531199486646412,0.16912736850561366,0.32970149546692545,0.557
PC,24,Logit,F,mw,0.07832694401228035,0.05094173926847506,0.727462815421102,0.2197268016005914,0.42031584949940964,0.287
PC,24,Logit,OF,mw,0.11693098826398154,0.1358551643070045,0.8495615145310484,0.17107860196374305,0.33281093543367735,0.577
PC,24,Logit,F,m+mw,0.08384213900500546,0.06231899698433187,0.7586886716089632,0.21087108532812576,0.39978538405028063,0.482
PC,24,Logit,OF,m+mw,0.1190994431517965,0.14614404507465062,0.853154286900752,0.16891313787616208,0.3288779972672475,0.803
PC,24,RandomForest,O,original,0.31424779427767824,0.4542154632477241,0.9112259482556265,0.0158712891856445,0.005424093281337729,14.702
PC,24,RandomForest,F,m,0.29427420578041696,0.4319763031104446,0.9138597038686358,0.016250466032712338,0.004933474107865243,26.137
PC,24,RandomForest,OF,m,0.34291066429449474,0.46939627709392057,0.9182363374372031,0.01556529353154625,0.005126513099565703,30.866
PC,24,RandomForest,F,mw,0.2943109913715717,0.42242828553676237,0.9123968783580307,0.01635449048814499,0.005604526184125459,25.628
PC,24,RandomForest,OF,mw,0.33399473508509014,0.47218217015307384,0.9152670142781483,0.015603240167314736,0.00467905853006754,31.714
PC,24,RandomForest,F,m+mw,0.2914910289392886,0.4322141370789526,0.9156561892606454,0.016139180387337856,0.004969049767220261,35.924
PC,24,RandomForest,OF,m+mw,0.3248510724076762,0.46646461738215655,0.9154801825005776,0.01566754408094364,0.005043677854224738,38.219
PC,24,XGBoost,O,original,0.4448072841647158,0.4926046867005952,0.9227263926424693,0.014998535010819675,0.00871156269105181,4.5
PC,24,XGBoost,F,m,0.43836209585950037,0.49705447714287476,0.9224929203012782,0.015053974394712202,0.009383935944853036,7.157
PC,24,XGBoost,OF,m,0.47476790976160643,0.5292064362449428,0.9285625975213805,0.014543245012096107,0.010045309032986513,9.442
PC,24,XGBoost,F,mw,0.41873875252834647,0.4993739059034639,0.9225787616351765,0.015111319407570475,0.009635505902744427,6.789
PC,24,XGBoost,OF,mw,0.4826449221106238,0.5328094875579212,0.9274682140601411,0.014456948560196626,0.010068753289024193,7.289
PC,24,XGBoost,F,m+mw,0.43202410583082057,0.49974288780168924,0.9228025500032592,0.015166634768625457,0.01018447458643142,9.848
PC,24,XGBoost,OF,m+mw,0.47753874388208895,0.5334015747906624,0.9280169434335652,0.014440979342809449,0.009653894332276392,11.726
PC,24,LightGBM,O,original,0.46713795743990616,0.44554695977400216,0.9079043799078557,0.018054409706908907,0.01475990032229794,13.735
PC,24,LightGBM,F,m,0.47140603542672477,0.4641169652585897,0.9089866454396269,0.017501811137723842,0.014862749116614702,15.291
PC,24,LightGBM,OF,m,0.5100316964050899,0.5053231934048796,0.9142982533719659,0.016433628844180415,0.01364293686257687,16.736
PC,24,LightGBM,F,mw,0.46643945894074934,0.4704043886442936,0.9093635732602097,0.01743313010374225,0.014491681810200798,15.144
PC,24,LightGBM,OF,mw,0.5108397454473036,0.501303815821691,0.9145770276454399,0.016410938248623046,0.013562235247140684,16.748
PC,24,LightGBM,F,m+mw,0.4730453204868251,0.4680082821684355,0.9078986465455638,0.017611523003003823,0.014101357512909751,18.052
PC,24,LightGBM,OF,m+mw,0.5145475807477442,0.502374947584429,0.9132393656091089,0.01644935534868015,0.013848639558352565,19.491
PC,25,Logit,O,original,0.116419832827323,0.13023074092708337,0.8490084611597067,0.17198350331315498,0.33457415393638723,0.417
PC,25,Logit,F,m,0.084182158701609,0.05999002171563196,0.7600222416724025,0.21086650325147197,0.4010219630863275,0.333
PC,25,Logit,OF,m,0.11933779904348873,0.14566922112396574,0.8543392951520028,0.16860450109378092,0.32893313056694784,0.592
PC,25,Logit,F,mw,0.07832557865070254,0.05094327187519274,0.7274786193530527,0.2197289045246628,0.4203177145990821,0.317
PC,25,Logit,OF,mw,0.11697613026547482,0.1338947038207801,0.849625588621449,0.17111049481230514,0.3328287856462816,0.552
PC,25,Logit,F,m+mw,0.08472356619965896,0.060062193216188164,0.7602420697846737,0.21042593798515644,0.3986834998177867,0.467
PC,25,Logit,OF,m+mw,0.11964326477226155,0.1470841850987316,0.8543704307047049,0.1684635980700097,0.3282480780200344,0.804
PC,25,RandomForest,O,original,0.31424779427767824,0.4542154632477241,0.9112259482556265,0.0158712891856445,0.005424093281337729,14.602
PC,25,RandomForest,F,m,0.300775082359988,0.4478765299481389,0.9205873874559112,0.016052064764256586,0.004890749521998092,29.097
PC,25,RandomForest,OF,m,0.3375667690947194,0.4674077558374742,0.9161975736455735,0.015612672528716069,0.005363235416408753,30.089
PC,25,RandomForest,F,mw,0.3110656159899857,0.44097374407180234,0.916558000117216,0.016076363034242945,0.005477272087814797,29.327
PC,25,RandomForest,OF,mw,0.3361124437070005,0.46973375994101063,0.9161646188057369,0.015608269013901449,0.005426269143523121,30.009
PC,25,RandomForest,F,m+mw,0.32380837195524814,0.4445372399204536,0.912479835503021,0.01601654038010218,0.005339745170898968,38.961
PC,25,RandomForest,OF,m+mw,0.33483039242494916,0.46657686701726486,0.9157560169482014,0.015667311252357183,0.005320452995124318,36.269
PC,25,XGBoost,O,original,0.4448072841647158,0.4926046867005952,0.9227263926424693,0.014998535010819675,0.00871156269105181,3.813
PC,25,XGBoost,F,m,0.4085242206411075,0.49244269084031167,0.9235674366668549,0.015275607851828393,0.010002295246602627,5.831
PC,25,XGBoost,OF,m,0.4795209822771843,0.5295899698487571,0.9263975972078763,0.014508018133930331,0.009619190069067824,7.439
PC,25,XGBoost,F,mw,0.42677260542121315,0.48977634665314784,0.9213243485468616,0.01526061462779372,0.010007509024366076,5.777
PC,25,XGBoost,OF,mw,0.4610589734609148,0.5266715101546106,0.9267678494130827,0.014567795182836765,0.009456453093848282,7.373
PC,25,XGBoost,F,m+mw,0.40831704039504535,0.49847467182254573,0.9207492024344168,0.015160607167233978,0.009833870124654979,10.207
PC,25,XGBoost,OF,m+mw,0.4779529867479736,0.5309725322279472,0.9276952092002716,0.014525450999622758,0.0098835152954157,12.129
PC,25,LightGBM,O,original,0.46713795743990616,0.44554695977400216,0.9079043799078557,0.018054409706908907,0.01475990032229794,13.77
PC,25,LightGBM,F,m,0.47554686913647115,0.4746534539430665,0.9100095264661506,0.01723758225536727,0.01465086504167044,15.286
PC,25,LightGBM,OF,m,0.5070112681367952,0.5008190985605812,0.9180012304161738,0.016409396161558065,0.013678677880449155,16.899
PC,25,LightGBM,F,mw,0.45933907982619493,0.47143011110032357,0.9107392965425596,0.017477056686380155,0.014219037248672909,15.257
PC,25,LightGBM,OF,mw,0.5120276186002575,0.5023758754381614,0.9188182369330367,0.016479770507444015,0.013988860160793926,16.892
PC,25,LightGBM,F,m+mw,0.47094324480515815,0.48034053622050743,0.9102504816039421,0.01748416651500457,0.015014127850951806,18.451
PC,25,LightGBM,OF,m+mw,0.49410736731739213,0.5031405397278303,0.9127679435943599,0.0166717035849865,0.01412040332138329,20.029
PC,26,Logit,O,original,0.116419832827323,0.13023074092708337,0.8490084611597067,0.17198350331315498,0.33457415393638723,0.431
PC,26,Logit,F,m,0.08419349548162468,0.059086648644117376,0.759424859842291,0.21090461966756563,0.40082880878011273,0.358
PC,26,Logit,OF,m,0.11930038530618634,0.14509697165106367,0.8542660056045974,0.16861605309504607,0.32892478632112954,0.565
PC,26,Logit,F,mw,0.07836434464359956,0.05095379302766671,0.727450050249584,0.21972435862267567,0.42032153029941355,0.313
PC,26,Logit,OF,mw,0.11703576852200008,0.1335246496049002,0.8495594767952666,0.17114900246768155,0.33292408314334454,0.582
PC,26,Logit,F,m+mw,0.08466395419529722,0.0593998016406865,0.7593112742826162,0.21056019141855295,0.39862193615045055,0.498
PC,26,Logit,OF,m+mw,0.1192687965540629,0.1480349437718354,0.8547005319499761,0.1682860965997667,0.3280092531012549,0.835
PC,26,RandomForest,O,original,0.31424779427767824,0.4542154632477241,0.9112259482556265,0.0158712891856445,0.005424093281337729,14.581
PC,26,RandomForest,F,m,0.31277656496313744,0.445589557299778,0.9162540561710909,0.016063228252828,0.005421710774769502,30.528
PC,26,RandomForest,OF,m,0.33414030308002723,0.4733138050123025,0.9168827442283763,0.015561414816285016,0.005137616796280526,30.321
PC,26,RandomForest,F,mw,0.2989301408506665,0.4480636996752224,0.9102848884243523,0.01604126962887169,0.005422793469412253,29.238
PC,26,RandomForest,OF,mw,0.34953596740719284,0.4725211811591783,0.9196811627981349,0.015571424098478708,0.0054272203016695365,30.227
PC,26,RandomForest,F,m+mw,0.3083589794892315,0.450405030456731,0.9159674324444438,0.01596683874774442,0.005416300115170636,39.124
PC,26,RandomForest,OF,m+mw,0.33533778604308934,0.47230889670636145,0.9174244833079863,0.015562310346920284,0.005996176062889921,40.955
PC,26,XGBoost,O,original,0.4448072841647158,0.4926046867005952,0.9227263926424693,0.014998535010819675,0.00871156269105181,3.785
PC,26,XGBoost,F,m,0.4337394725728424,0.5113128523255789,0.9219663370728739,0.014903656362587722,0.00970432805930221,6.017
PC,26,XGBoost,OF,m,0.4789246088690369,0.5284381929575249,0.9270415256358762,0.014527937693128944,0.00996665069086924,7.659
PC,26,XGBoost,F,mw,0.43101071038849803,0.5062491141530454,0.9205500861096745,0.015010653972663022,0.010175283316890913,5.857
PC,26,XGBoost,OF,mw,0.47857428617967146,0.5246820045984674,0.9267230558349249,0.014570549328875054,0.009790700744856525,7.667
PC,26,XGBoost,F,m+mw,0.4417102213377859,0.5071146868837908,0.9229947810807608,0.014954782764271013,0.010578781962248898,10.722
PC,26,XGBoost,OF,m+mw,0.4827706335676646,0.5269838366558489,0.925685471580025,0.014584702609063083,0.009913557277978453,12.515
PC,26,LightGBM,O,original,0.46713795743990616,0.44554695977400216,0.9079043799078557,0.018054409706908907,0.01475990032229794,13.677
PC,26,LightGBM,F,m,0.4828999570805701,0.4886970145906157,0.9117966986826815,0.01701684546914618,0.014158220891422591,15.564
PC,26,LightGBM,OF,m,0.5112898510934047,0.49615015761863485,0.9126948067104473,0.016573313937821334,0.013789510426144718,17.04
PC,26,LightGBM,F,mw,0.4623258766629341,0.48035530096853973,0.9099822519516186,0.017178824736342403,0.014324289135889484,15.688
PC,26,LightGBM,OF,mw,0.5184364073641874,0.5011159509646942,0.9146816182620444,0.016456611741140416,0.013797603519244809,17.034
PC,26,LightGBM,F,m+mw,0.4732973769038999,0.4853207317438419,0.9065171159909081,0.01722329165379591,0.014739274834139681,18.832
PC,26,LightGBM,OF,m+mw,0.5089435652868488,0.5004075967279972,0.9178555865713426,0.016608459606758684,0.013829387578894478,20.123
